skill,a,b
Java/J2EE,7,7
Testing,5,5
.Net / C#,2,2
C/C++,3,3
Mechanical,6,6
Mobility,4,4
Hardware,4,1
Python,4,2
Front end,10,8
System programming,1,1
Product Design,1,1
DB,6,7
Others,2,2
Web,1,1
Embedded Testing,2,2
Project Management,3,3
Business Analytics,5,5
Business Management,1,1
Embedded,1,1
Microsoft Office,1,1
Cloud,7,7
Wireless,2,2
PLM,4,4
Firmware,1,1
DevOps,1,1
Version Control,1,1
Computer Systems Validation,1,1
Manufacturing,1,1
Quality Control,1,1
FMEA,1,1
Technical Documentation,1,1
Mainframe,1,1
Video Production,1,1
Network Virtualization,1,1
Business Management/Risk Management/Marketing,1,1
Application Context Networking,1,1
LabView,1,1
All,1,1
