L3,Years,L2,Customer,Job family function,L4,Band,Designation,Subband,Skill category,Sub_area
,,,,,,,,,,
ERS Practice-Practice-Practice,>11 Years,ERS Practice-Practice,Abbott Laboratories,Business Management (Business Mgmnt),ERS Practice-Practice-Practice-DU2,CR,Architect,C2,Domain Competencies,Arizona
ERS-AAIM-AnD,1-3 Years,ERS-AAIM,Abbott Medical Optics Inc,"Delivery Enablement (Process, Practice)",ERS-AAIM-AnD-AAI_EAG,CT,Associate,C4,Domain Competencies ,Arkansas
ERS-AAIM-AUTOMOTIVE,3-5 Years,ERS-ECH,AbbVie,Development (Development),ERS-AAIM-AnD-MECH,E0,ASSOCIATE CONSULTANT,E0,Project Management Skills ,BritishColumbia
ERS-AAIM-GEOMETRIC,5-7 Years,ERS-PTS,"ABIOMED, INC",Domain (Domain),ERS-AAIM-AnD-RC,E1,Associate Engineer,E0.1,Technical Competencies,California
ERS-AAIM-INDUSTRIAL,7-9 Years,ERS-SDES,Acxiom Corporation,Engg (Engg - S/W & S/W Product Engg),ERS-AAIM-AnD-SYSTEMS,E2,Associate Project Manager,E0.2,Technical Skills,Canada
ERS-AAIM-MCOE,9-11 Years,ERS-Strategic Services,Advanced Sterilisation Products Div,Engineering (Engg - Hardware & VLSI),ERS-AAIM-AUTOMOTIVE-ELEC_ADAS_OEM,E3,ASSOCIATE TECHNICAL ARCHITECT,E1,Technical Skills ,Colorado
ERS-AAIM-MMCH,Fresher,ERS-XMS,Alcatel-Lucent International,Engineering (Engineering - Embedded),ERS-AAIM-AUTOMOTIVE-MECH_OEM,E4,ASSOCIATE TECHNICAL MANAGER,E1.1,Tools and Standards,Delaware
ERS-ECH-ALU,,Products & Platform-Blue Code,Animas Corporation,Engineering (Engineering - Embedded/Software & Software Product Engineering),ERS-AAIM-AUTOMOTIVE-MECH_SUPPLIER,E5,BUSINESS SPECIALIST,E1.2,Tools and Standards ,Florida
ERS-ECH-CE & OA,,,Ann Taylor,Engineering (Engineering - Hardware & VLSI),ERS-AAIM-GEOMETRIC-AERO,E6,CONSULTANT,E2,,Georgia
ERS-ECH-Cisco Engineering CODC,,,"Applied Materials, Inc",Engineering (Engineering - Mechanical),ERS-AAIM-GEOMETRIC-AIRBUS,E7,Contract Retainer,E2.1,,Idaho
ERS-ECH-SIE,,,AT&T Mobility LLC,GIT(Internal IT Operation),ERS-AAIM-GEOMETRIC-AUTO_NA_ROW,TP,CONTRACT TRAINEE,E2.2,,Illinois
ERS-ECH-SSDS,,,Banque De Montreal,Program Office,ERS-AAIM-GEOMETRIC-FORD,,Contractor,E2.3,,Indiana
ERS-ECH-Telecom & Networking,,,Baxter Healthcare Corporation,Support (Support),ERS-AAIM-GEOMETRIC-PLM,,DEPUTY GENERAL MANAGER,E3,,Kansas
ERS-ECH-TSP,,,Becton Dickinson Holdings Pte Ltd.,Technical (Architecture),ERS-AAIM-INDUSTRIAL-IND_ELEC',,Developer,E3.1,,Louisiana
ERS-PTS-AAI,,,Biosense Webster Inc,Technical (Technical),ERS-AAIM-INDUSTRIAL-MECH_CAT,,Engineer,E3.2,,Maryland
ERS-PTS-C&E Products and Platforms,,,Bombardier Aerospace,Testing (Testing - Functional),ERS-AAIM-INDUSTRIAL-MECH_EIO,,Enterprise Architect,E4,,Massachusetts
ERS-PTS-CAS,,,BOSTON SCIENTIFIC CORPORATION,Testing (Testing - Technical (Non Func)),ERS-AAIM-MCOE-RELIABILITY,,ERP SPECIALIST,E4.1,,Mexico
ERS-SDES-EPS,,,Box,,ERS-AAIM-MMCH-BAXTER,,Functional Lead,E4.2,,Michigan
ERS-SDES-IOT,,,"Brocade Communications Systems, Inc",,ERS-AAIM-MMCH-BD,,GROUP MANAGER,E5,,Minnesota
ERS-SDES-ISV,,,"Celestica, Inc",,ERS-AAIM-MMCH-CE&Appliances,,GROUP PROJECT MANAGER,E5.1,,Missouri
ERS-SDES-Microsoft,,,CenturyLink,,ERS-AAIM-MMCH-J&J,,GROUP TECHNICAL MANAGER,E5.2,,New Jersey
ERS-SDES-Online,,,CISCO,,ERS-AAIM-MMCH-MEDICAL,,Intern,E6.1,,New York
ERS-SDES-Technology Office,,,"Cisco Systems, INC",,ERS-AAIM-MMCH-SEMI,,Junior Developer,E6.2,,North Carolina
ERS-SS-OCS,,,Cordis Corporation,,ERS-AAIM-MMCH-TELECOM,,Junior Tester,E8,,Ohio
ERS-XMS-Centralsupport,,,Crane Aerospace,,ERS-ECH-ALU-Nokia-AA,,LEAD,,,Ontario
ERS-XMS-Medical,,,Depuy International,,ERS-ECH-CE&OA-Camera&Imaging Sys,,LEAD CONSULTANT,,,Oregon
ERS-XMS-Semi,,,Eaton Corporation,,ERS-ECH-CE&OA-DM&HP,,LEAD ENGINEER,,,Pennsylvania
ERS-XMS-XeroxDSQ,,,Electrolux Appliances AB,,ERS-ECH-CE&OA-Microsoft Mobile,,LEAD QUALITY ANALYST,,,Quebec
ERS-XMS-XeroxSPP,,,Elster Solutions LLC,,ERS-ECH-CE&OA-Smart Devices&Services,,Manager,,,South Carolina
Products & Platform-Blue Code-Delivery,,,Ethicon Endo-Surgery,,ERS-ECH-Cisco Engineering CODC-CINMA,,MEMBER TECHNICAL STAFF,,,Tennessee
Products & Platform-Blue Code-Lab Ser,,,"Ethicon, Inc",,ERS-ECH-Cisco Engineering CODC-CSSGDU,,OTHERS,,,Texas
,,,Facebook Inc,,ERS-ECH-Cisco Engineering CODC-MWSDE,,Principal Architect,,,Utah
,,,GE Oil & Gas,,ERS-ECH-Cisco Engineering CODC-VTD,,PROGRAM MANAGER,,,Virginia
,,,Go Daddy.com,,ERS-ECH-SIE-STD,,Project Lead,,,Washington
,,,"Goodman Manufacturing Company, L.P.",,ERS-ECH-SSDS-SDS_AAI,,Project Manager,,,
,,,Google Inc,,ERS-ECH-SSDS-SDS_CE & Others,,Senior Administrator,,,
,,,Hamilton Sundstrand Corporation,,ERS-ECH-SSDS-SDS_Medical,,Senior Business Analyst,,,
,,,Harris Corporation,,"ERS-ECH-SSDS-SDS_Tel,S&S",,SENIOR CONSULTANT,,,
,,,"Infor Global Solutions (GA), Inc",,ERS-ECH-Telecom & Networking-ConvergedCo,,Senior Designer,,,
,,,INTEL CORP,,ERS-ECH-Telecom &Networking-TND,,Senior Developer,,,
,,,International Business Machines Cor,,ERS-ECH-Telecom&Networking-Critical Comm,,Senior Engineer,,,
,,,Johnson & Johnson,,ERS-ECH-TSP-CSP,,Senior Project Manager,,,
,,,Johnson Controls Inc,,ERS-PTS-AAI-AnD 1,,Senior Software Engineer,,,
,,,KLA-TENCOR CORPORATION,,ERS-PTS-AAI-AnD 2,,Senior Solution Director,,,
,,,"LiveTV, LLC",,ERS-PTS-AAI-AnI,,SENIOR SOLUTIONS ARCHITECT,,,
,,,LORD Corporation,,ERS-PTS-C&E Products and Platforms-DPT,,Senior Technical Architect,,,
,,,Magna Electronics Inc.,,ERS-PTS-C&E Products and Platforms-MTS,,Senior Technical Consultant,,,
,,,Manitowoc Foodservices Companies LL,,ERS-PTS-C&E Products and Platforms-SPT,,Senior Technical Lead,,,
,,,Mattel Inc.,,ERS-PTS-C&E Products and Platforms-XMS,,SENIOR TECHNICAL MANAGER,,,
,,,McAfee  Inc,,ERS-PTS-CAS-NAT,,SENIOR TECHNICAL SPECIALIST,,,
,,,McAfee Inc,,ERS-PTS-CAS-SSTA,,SENIOR TEST ENGINEER,,,
,,,Medtronic Inc,,ERS-SDES-EPS-CS,,SENIOR TEST LEAD,,,
,,,Meggitt,,ERS-SDES-EPS-FS NXT,,Senior Tester,,,
,,,MICROSOFT CORPORATION,,ERS-SDES-EPS-INDIGO iSeries1,,Senior Track Lead,,,
,,,Monogram Systems,,ERS-SDES-EPS-INDIGO MAIN ENGAGEMENT KT,,Service Delivery Manager,,,
,,,NBCU,,ERS-SDES-IOT-Plant Automa,,SOFTWARE ENGINEER,,,
,,,NCR Corporation,,ERS-SDES-ISV-CS,,SOLUTION ARCHITECT,,,
,,,"Nest Labs, Inc",,ERS-SDES-ISV-Google,,Solutions Architect,,,
,,,NS international,,ERS-SDES-ISV-OA&Data,,Specialist,,,
,,,Others,,ERS-SDES-ISV-Security & AAI,,Sr. Support Specialist,,,
,,,Parker Aerospace,,ERS-SDES-ISV-System Software,,SR. TECHNICAL LEAD,,,
,,,Rockwell Collins,,ERS-SDES-Microsoft-ASG,,Support Engineer,,,
,,,Samsung Telecommunications America,,ERS-SDES-Microsoft-EEG,,Support Specialist,,,
,,,SanDisk Corporation,,ERS-SDES-microsoft-MKT,,TECHNICAL ARCHITECT,,,
,,,SIEMENS Corporation,,ERS-SDES-Microsoft-SE,,Technical Lead,,,
,,,Sirius XM Radio Inc.,,ERS-SDES-microsoft-TTS,,Technical Manager,,,
,,,Sprint Corporation,,ERS-SDES-Online-AT&T,,TECHNICAL SPECIALIST,,,
,,,St.Jude Medical Inc,,ERS-SDES-Online-Digital & Product Engg,,TECHNICAL WRITER,,,
,,,Staples Inc,,ERS-SDES-Online-eCommerce,,Temp,,,
,,,Symantec Corporation,,ERS-SDES-Online-M&E,,Test Analyst,,,
,,,T- Mobile,,ERS-SDES-Online-Mobility,,TEST ENGINEER,,,
,,,Teradyne Inc,,ERS-SDES-Online-PAS,,TEST LEAD,,,
,,,"Thales Avionics, Inc",,ERS-SDES-Online-Western Union,,Test Manager,,,
,,,The Boeing Company,,ERS-SDES-Technology Office-UxD,,Tester,,,
,,,The IMS Company,,ERS-SS-OCS-ITL,,,,,
,,,Time Warner Coporation,,ERS-XMS-Centralsupport-UKCOE,,,,,
,,,TK Holdings Inc,,ERS-XMS-Medical-MD1,,,,,
,,,TRW Automotive Inc.,,ERS-XMS-Medical-MD2,,,,,
,,,Turner Broadcasting System Inc.,,ERS-XMS-Medical-MDCG,,,,,
,,,USAA,,ERS-XMS-Semi-CME,,,,,
,,,"Velodyne Acoustics, Inc.",,ERS-XMS-Semi-KT,,,,,
,,,Verizon Wireless,,ERS-XMS-Semi-Teradyne,,,,,
,,,Western Union Inc,,ERS-XMS-XeroxDSQ-PDS,,,,,
,,,Whirlpool Corp,,ERS-XMS-XeroxSPP-Discovery,,,,,
,,,Xerox Corporation,,ERS-XMS-XeroxSPP-Solutions,,,,,
,,,Zodiac Inflight Innovations,,Products & Platform-BC -Del-Torme Dev,,,,,
,,,,,Products & Platform-BC-Del- Buckbeak Dev,,,,,
,,,,,Products & Platform-Blue Code-Lab Ser-LS,,,,,
,,,,,Products&Platform-BC-Del-Derby Dev,,,,,
,,,,,Products&Platform-BC-Del-TuborgDASTDev,,,,,
