name,actual
Abaqus,Abaqus
Acceptance.testing,Acceptance testing
Access.control,Access control
Accessability.testing,Accessability testing
Account.management,Account management
Accountability,Accountability
Accounting,Accounting
Accounting.software,Accounting software
Accounts.payable,Accounts payable
Accounts.receivable,Accounts receivable
AccuRev,AccuRev
ACD,ACD
ACL,ACL
Acoustics,Acoustics
Acquisition,Acquisition
ACS,ACS
ACT,ACT
ActionScript,ActionScript
Active.Directory,Active Directory
ActiveSync,ActiveSync
ActiveVOS,ActiveVOS
ActiveX,ActiveX
Activity.diagrams,Activity diagrams
ADA,ADA
Adapter,Adapter
ADF,ADF
ADFS,ADFS
Administrative.support,Administrative support
AdminStudio,AdminStudio
ADO.NET,ADO.NET
Adobe,Adobe
Adobe.Acrobat,Adobe Acrobat
Adobe.Captivate,Adobe Captivate
Adobe.CQ,Adobe CQ
Adobe.Dreamweaver,Adobe Dreamweaver
Adobe.Edge,Adobe Edge
Adobe.Experience.Manager,Adobe Experience Manager
Adobe.Flash,Adobe Flash
Adobe.FrameMaker,Adobe FrameMaker
Adobe.Illustrator,Adobe Illustrator
Adobe.InDesign,Adobe InDesign
Adobe.PageMaker,Adobe PageMaker
Adobe.Photoshop,Adobe Photoshop
Adobe.Proto,Adobe Proto
Adobe.RoboHelp,Adobe RoboHelp
ADS,ADS
ADSL,ADSL
Advanced.analytics,Advanced analytics
Advertising,Advertising
Aerodynamics,Aerodynamics
Aeronautics,Aeronautics
Aerospace,Aerospace
AFDX,AFDX
Aggregator,Aggregator
Agile,Agile
Agile.PLM,Agile PLM
Agile.testing,Agile testing
Agilent,Agilent
Agilent.ADS,Agilent ADS
Agilent.VEE,Agilent VEE
Ajax,Ajax
Akamai,Akamai
Akka,Akka
Alcatel.Lucent,Alcatel-Lucent
Alfresco,Alfresco
Algorithms,Algorithms
Allegro,Allegro
ALM,ALM
Altera,Altera
Altium,Altium
Altium.Designer,Altium Designer
Amazon.DynamoDB,Amazon DynamoDB
Amazon.EC2,Amazon EC2
Amazon.RDS,Amazon RDS
Amazon.Redshift,Amazon Redshift
Amazon.Route.53,Amazon Route 53
Amazon.S3,Amazon S3
Amazon.SES,Amazon SES
Amazon.SQS,Amazon SQS
Amazon.VPC,Amazon VPC
Amazon.Web.Services,Amazon Web Services
AMBA,AMBA
Amdocs,Amdocs
Amdocs.Clarify.CRM,Amdocs Clarify CRM
AML,AML
AMQP,AMQP
Analog.circuits,Analog circuits
Analog.electronics,Analog electronics
Analysis.of.algorithms,Analysis of algorithms
Analytical.skill,Analytical skill
Analytics,Analytics
Android,Android
Android.ndk,Android ndk
Android.sdk,Android sdk
AngularJS,AngularJS
Animation,Animation
ANSI,ANSI
ANSI.C,ANSI C
Ansible,Ansible
Ansys,Ansys
Antennas,Antennas
Antivirus,Antivirus
AOP,AOP
Apache.Accumulo,Apache Accumulo
Apache.ActiveMQ,Apache ActiveMQ
Apache.Ant,Apache Ant
Apache.Avalon,Apache.Avalon
Apache.Axis,Apache Axis
Apache.Axis2,Apache Axis2
Apache.Camel,Apache Camel
Apache.Cassandra,Apache Cassandra
Apache.CloudStack,Apache CloudStack
Apache.Commons,Apache Commons
Apache.Cordova,Apache Cordova
Apache.CXF,Apache CXF
Apache.Drill,Apache Drill
Apache.Felix,Apache Felix
Apache.Flex,Apache Flex
Apache.Flume,Apache Flume
Apache.Hadoop,Apache Hadoop
Apache.HBase,Apache HBase
Apache.Hive,Apache Hive
Apache.HTTP.Server,Apache HTTP Server
Apache.Ivy,Apache Ivy
Apache.James,Apache James
Apache.JMeter,Apache JMeter
Apache.Kafka,Apache Kafka
Apache.Log4j,Apache Log4j
Apache.Log4net,Apache Log4net
Apache.Lucene,Apache.Lucene
Apache.Mahout,Apache Mahout
Apache.Maven,Apache Maven
Apache.Oozie,Apache Oozie
Apache.OpenJPA,Apache OpenJPA
Apache.Pig,Apache Pig
Apache.Pivot,Apache Pivot
Apache.ServiceMix,Apache ServiceMix
Apache.Solr,Apache Solr
Apache.Struts,Apache Struts
Apache.Tapestry,Apache Tapestry
Apache.Tiles,Apache Tiles
Apache.Tomcat,Apache Tomcat
Apache.TomEE,Apache TomEE
Apache.Velocity,Apache Velocity
Apache.Wicket,Apache Wicket
Apache.ZooKeeper,Apache ZooKeeper
APEX,APEX
API,API
API.management,API management
APL,APL
Appcelerator,Appcelerator
AppDynamics,AppDynamics
Apple,Apple
Applets,Applets
Application.analysis,Application analysis
Application.lifecycle.management,Application lifecycle management
Application.server,Application server
Applicaton.Development,Applicaton Development
Applied.physics,Applied physics
APQP,APQP
arabic,Arabic
Arbortext,Arbortext
Arbortext.Editor,Arbortext Editor
ArcGIS,ArcGIS
ArchiCAD,ArchiCAD
Architecture,Architecture
Archiving,Archiving
Ariba,Ariba
ARINC,ARINC
ARINC.653,ARINC 653
ARINC.661,ARINC 661
ARINC.818,ARINC 818
ARIS,ARIS
ARM,ARM
ARP4754,ARP4754
ARP4761,ARP4761
Art,Art
Articulate,Articulate
Articulate.Storyline,Articulate Storyline
Artificial.intelligence,Artificial intelligence
Aruba,Aruba
AS2,AS2
AS3,AS3
AS9100,AS9100
ASA,ASA
ASIC,ASIC
ASM,ASM
ASP,ASP
ASP.NET,ASP.NET
ASP.NET.AJAX,ASP.NET AJAX
ASP.NET.MVC,ASP.NET MVC
AspectJ,AspectJ
Aspen,Aspen
Assays,Assays
Assembly,Assembly
Assembly.language,Assembly language
Asset.accounting,Asset accounting
Asset.management,Asset management
Asterisk,Asterisk
ATE,ATE
ATG,ATG
ATL,ATL
ATLAS,ATLAS
Atlassian,Atlassian
ATM,ATM
ATP,ATP
ATPG,ATPG
Attention.to.detail,Attention to detail
AUC,AUC
Audio,Audio
Audio.codecs,Audio codecs
Audit,Audit
Audit.management,Audit management
Augmented.reality,Augmented reality
AUT,AUT
Authentication,Authentication
Author.it,Author-it
Authorization,Authorization
AutoCAD,AutoCAD
Autodesk,Autodesk
Autodesk.Inventor,Autodesk Inventor
Autodesk.Revit,Autodesk Revit
AutoIt,AutoIt
Automated.testing,Automated testing
Automatic.Data.Processing,Automatic Data Processing
Automation,Automation
Automotive,Automotive
Automotive.engineering,Automotive engineering
AUTOSAR,AUTOSAR
Autotest,Autotest
Avaya,Avaya
Aviation,Aviation
Avionics,Avionics
AVS,AVS
AWK,AWK
AWR,AWR
AWS.Elastic.Beanstalk,AWS Elastic Beanstalk
AWT,AWT
AX,AX
AXI,AXI
Axure,Axure
Axway,Axway
Baan,Baan
BAC,BAC
Back.office,Back office
Backbone.js,Backbone.js
Backend.testing,Backend testing
Backup,Backup
Balsamiq,Balsamiq
BAM,BAM
Bamboo,Bamboo
Banking,Banking
Barracuda,Barracuda
base.sas,Base SAS
Bash,Bash
Batch.file,Batch file
Batch.processing,Batch processing
Batch.testing,Batch testing
BCM,BCM
BCS,BCS
BDD,BDD
Behavior.driven.development,Behavior-driven development
Behavioral.modeling,Behavioral modeling
Benchmarking,Benchmarking
Benefits,Benefits
BES,BES
Best.practices,Best practices
BEX,BEX
BGP,BGP
Big.data,Big data
Bilingual,Bilingual
Bill.of.materials,Bill of materials
Billing,Billing
BIM,BIM
Biochemistry,Biochemistry
Bioinformatics,Bioinformatics
Biology,Biology
Biomedical.engineering,Biomedical engineering
BIOS,BIOS
Biotechnology,Biotechnology
BIP,BIP
BIRT,BIRT
Bitbucket,Bitbucket
Black.box.testing,Black-box testing
BlackBerry,BlackBerry
Blade.servers,Blade servers
Blog,Blog
Blue.Coat,Blue Coat
Blueprint,Blueprint
Bluetooth,Bluetooth
BMC,BMC
bmc.patrol,BMC Patrol
BMC.Remedy,BMC Remedy
BMIDE,BMIDE
BMS,BMS
BN,BN
BOM,BOM
BOOMI,BOOMI
Boost,Boost
Bootstrap,Bootstrap
BOP,BOP
BPCS,BPCS
BPEL,BPEL
BPM,BPM
BPMN,BPMN
BPR,BPR
Brand,Brand
BRD,BRD
brew,BREW
Bridging,Bridging
BRM,BRM
BRMS,BRMS
Broadband,Broadband
Broadcasting,Broadcasting
Broadsoft,Broadsoft
Brocade,Brocade
BSC,BSC
BSD,BSD
BSM,BSM
BSP,BSP
BSS,BSS
BT,BT
BTS,BTS
Budget,Budget
Bug.tracking,Bug tracking
Bugzilla,Bugzilla
Build.automation,Build automation
building.information.modeling,Building information modeling
Burp.suite,Burp suite
Business.acumen,Business acumen
Business.administration,Business administration
Business.analysis,Business analysis
business.analytics,Business analytics
Business.architecture,Business architecture
Business.cases,Business cases
Business.communications,Business communications
Business.development,Business development
Business.intelligence,Business intelligence
Business.management,Business management
Business.model,Business model
Business.Objects,Business Objects
Business.operations,Business operations
Business.owner,Business owner
Business.process,Business process
Business.requirements,Business requirements
Business.rules,Business rules
Business.systems,Business systems
Business.transformation,Business transformation
Buyer,Buyer
CAA,CAA
CAB,CAB
Cables,Cables
Caching,Caching
CAD,CAD
CAD.administration,CAD administration
CADAM,CADAM
Cadence,Cadence
Cadence.Virtuoso,Cadence Virtuoso
CAE,CAE
CaliberRM,CaliberRM
Calibration,Calibration
Call.center,Call center
Calypso,Calypso
Calyx,Calyx
CAM,CAM
Campaign.management,Campaign management
CAN,CAN
CANalyzer,CANalyzer
CANoe,CANoe
CANscope,CANscope
CANstress,CANstress
CAP,CAP
Capacity.management,Capacity management
Capacity.planning,Capacity planning
Capital.management,Capital management
CAPL,CAPL
capm,CAPM
Carrier.Ethernet,Carrier Ethernet
CAS,CAS
Cascading,Cascading
Case.management,Case management
Cash.handling,Cash handling
Cash.management,Cash management
Catalog.management,Catalog management
CATIA,CATIA
CBASIC,CBASIC
CBP,CBP
CCAA,CCAA
CCM,CCM
CDA,CDA
CDC,CDC
CDD,CDD
CDH,CDH
CDMA,CDMA
CDP,CDP
Cellular,Cellular
CentOS,CentOS
Centricity,Centricity
CFD,CFD
CGI,CGI
Change.control,Change control
Change.management,Change management
Changeman,Changeman
CheckPoint,CheckPoint
Chef,Chef
Chemical.engineering,Chemical engineering
Chemicals,Chemicals
Chemistry,Chemistry
chicago.manual.of.style,Chicago Manual of Style
Chinese,Chinese
CICS,CICS
CIM,CIM
Circuit.analysis,Circuit analysis
Circuit.design,Circuit design
CIS,CIS
cisa,CISA
Cisco.Certifications,Cisco Certifications
Cisco.ICM,Cisco ICM
Cisco.IOS,Cisco IOS
Cisco.Jabber,Cisco Jabber
Cisco.Nexus,Cisco Nexus
Cisco.UCCX,Cisco UCCX
Cisco.UCS,Cisco UCS
Cisco.Voice,Cisco Voice
CISM,CISM
CISO,CISO
CISSP,CISSP
Citrix,Citrix
Citrix.XenApp,Citrix XenApp
Claims,Claims
Claims.management,Claims management
Clarity,Clarity
Client.server,Client/server
Clinical.research,Clinical research
CLIST,CLIST
CLM,CLM
Clojure,Clojure
Cloud,Cloud
Cloud.architecture,Cloud architecture
Cloud.Foundry,Cloud Foundry
Cloud.management,Cloud management
Cloud.testing,Cloud testing
Cloudera,Cloudera
cloudera.impala,Cloudera Impala
Cloverleaf,Cloverleaf
Cluster,Cluster
cluster.analysis,Cluster analysis
Clustering,Clustering
CM,CM
CMake,CMake
CMC,CMC
CMM,CMM
CMMI,CMMI
CMOS,CMOS
CMS,CMS
cmvc,CMVC
CNC,CNC
CNE,CNE
CNS,CNS
CO,CO
Coaching,Coaching
COBOL,COBOL
Cocoa,Cocoa
Cocoa.Touch,Cocoa Touch
Code.coverage,Code coverage
Code.optimization,Code optimization
Code.refactoring,Code refactoring
Code.review,Code review
CodeCollaborator,CodeCollaborator
Codecs,Codecs
Coded.UI,Coded UI
CodeIgniter,CodeIgniter
COE,COE
ColdFusion,ColdFusion
Collaboration,Collaboration
Collections,Collections
Collections.management,Collections management
Color.theory,Color theory
COM,COM
Commerce,Commerce
Commodities,Commodities
Communications.management,Communications management
Communications.protocol,Communications protocol
Communications.security.management,Communications security management
Community.development,Community development
Compatibility.testing,Compatibility testing
Compensation,Compensation
Competitor.analysis,Competitor analysis
Compiler,Compiler
Compliance,Compliance
Component.interface,Component interface
Compositing,Compositing
Computer,Computer
Computer.architecture,Computer architecture
Computer.engineering,Computer engineering
Computer.graphics,Computer graphics
Computer.maintenance,Computer maintenance
Computer.science,Computer science
Computer.vision,Computer vision
Computerized.system.validation,Computerized system validation
COMSOL,COMSOL
Concept.development,Concept development
Conceptual.design,Conceptual design
Conceptualization,Conceptualization
Configuration,Configuration
Conflict.resolution,Conflict resolution
Confluence,Confluence
Conformance.testing,Conformance testing
Construction.management,Construction management
Consulting,Consulting
Consumer.electronics,Consumer electronics
Contact.center,Contact center
Contact.management,Contact management
Content.creation,Content creation
Content.development,Content development
Content.management.systems,Content management systems
Content.strategy,Content strategy
Contextual.inquiry,Contextual inquiry
Continuous.delivery,Continuous delivery
Continuous.improvement,Continuous improvement
Continuous.integration,Continuous integration
contract.management,Contract management
Control.engineering,Control engineering
Control.flow,Control flow
Control.system,Control system
Controls,Controls
Convio,Convio
COO,COO
CORBA,CORBA
Core.banking,Core banking
Core.Data,Core Data
CorelDRAW,CorelDRAW
CoreOS,CoreOS
Corporate.development,Corporate development
Corrective.and.preventive.action,Corrective and preventive action
Cosmos,Cosmos
Cost.benefit.analysis,Cost-benefit analysis
Cost.estimation,Cost estimation
cost.management,Cost management
Cost.reduction,Cost reduction
COTS,COTS
Couchbase,Couchbase
Coverity,Coverity
CPE,CPE
CPG,CPG
CPQ,CPQ
CPT,CPT
CPU,CPU
CQ,CQ
CRA,CRA
CRB,CRB
CRD,CRD
Creative.management,Creative management
Creative.problem.solving,Creative problem solving
Creativity,Creativity
Creo,Creo
CRF,CRF
Critical.thinking,Critical thinking
CRM,CRM
CRO,CRO
Cross.browser,Cross-browser
Cross.browser.compatibility.testing,Cross-browser compatibility testing
Cross.functional,Cross-functional
Cross.functional.integration,Cross-functional integration
Cross.functional.team,Cross-functional team
CRS,CRS
Crucible,Crucible
CruiseControl,CruiseControl
Cryptography,Cryptography
Crystal.Reports,Crystal Reports
CS,CS
CSC,CSC
CSE,CSE
CSI,CSI
CSM,CSM
CSP,CSP
CSQA,CSQA
CSR,CSR
CSS,CSS
CSV,CSV
CTI,CTI
CTP,CTP
CTS,CTS
Cubes,Cubes
CUC,CUC
Cucumber,Cucumber
CUDA,CUDA
CUP,CUP
Customer.communications,Customer communications
Customer.engagement,Customer engagement
Customer.experience,Customer experience
Customer.facing,Customer facing
Customer.focus,Customer focus
Customer.satisfaction,Customer satisfaction
Customer.service,Customer service
Customer.support,Customer support
Customization,Customization
CVP,CVP
CVS,CVS
Cyber.security,Cyber security
Cygwin,Cygwin
D3.js,D3.js
DA,DA
DAC,DAC
DAM,DAM
DAO,DAO
DAQ,DAQ
DAS,DAS
Dashboard,Dashboard
Data.driven.testing,Data-driven testing
Data.acquisition,Data acquisition
Data.analysis,Data analysis
Data.architecture,Data architecture
Data.center,Data center
Data.cleansing,Data cleansing
Data.collection,Data collection
Data.conversion,Data conversion
Data.domain,Data domain
Data.engineering,Data engineering
Data.entry,Data entry
Data.extraction,Data extraction
Data.flow,Data flow
Data.integration,Data integration
Data.integrity,Data integrity
Data.Loader,Data Loader
Data.loss.prevention,Data loss prevention
Data.management,Data management
Data.manipulation,Data manipulation
Data.mapping,Data mapping
Data.marts,Data marts
Data.migration,Data migration
Data.mining,Data mining
Data.modeling,Data modeling
Data.processing,Data processing
Data.profiling,Data profiling
Data.retention,Data retention
Data.science,Data science
Data.security,Data security
Data.services,Data services
Data.storage,Data storage
Data.structure,Data structure
Data.validation,Data validation
Data.visualization,Data visualization
Data.warehouse,Data warehouse
Database,Database
Database.analysis,Database analysis
Database.architecture,Database architecture
Database.design,Database design
Database.migration,Database migration
Database.mirroring,Database mirroring
Database.modeling,Database modeling
Database.performance.tuning,Database performance tuning
Datacap,Datacap
Datacom,Datacom
DaVinci,DaVinci
DAX,DAX
DBA,DBA
DBX,DBX
DCM,DCM
DCOM,DCOM
DDMS,DDMS
Debugging,Debugging
Decision.making,Decision-making
Decision.trees,Decision trees
Defect.analysis,Defect analysis
Defect.tracking,Defect tracking
Delivery.management,Delivery management
Dell,Dell
DELMIA,DELMIA
Demand.forecasting,Demand forecasting
Demonstrations,Demonstrations
Dependency.injection,Dependency injection
Derivatives,Derivatives
Descriptive.programming,Descriptive programming
Design.controls,Design controls
Design.documentation,Design documentation
Design.engineering,Design engineering
Design.for.manufacturability,Design for manufacturability
Design.management,Design management
Design.optimization,Design optimization
Design.patterns,Design patterns
Design.review,Design review
Design.thinking,Design thinking
Desktop,Desktop
Development.management,Development management
Development.testing,Development testing
Device.drivers,Device drivers
DevOps,DevOps
DevTrack,DevTrack
DFA,DFA
DFD,DFD
DFM,DFM
DFMA,DFMA
DFSS,DFSS
DFT,DFT
DHCP,DHCP
DHTML,DHTML
DIAMETER,DIAMETER
Digital,Digital
Digital.art,Digital art
Digital.circuit.design,Digital circuit design
Digital.design,Digital design
Digital.marketing,Digital marketing
digital.photography,Digital photography
Digital.signal.processing,Digital signal processing
Dimensional.modeling,Dimensional modeling
directory.services,Directory Services
Disaster.recovery,Disaster recovery
discrete.manufacturing,Discrete manufacturing
Distributed.computing,Distributed computing
Distribution,Distribution
DITA,DITA
DIVA,DIVA
Django,Django
DLL,DLL
DM,DM
DMA,DMA
DMAIC,DMAIC
DML,DML
DMM,DMM
DMR,DMR
DMS,DMS
DMZ,DMZ
DNS,DNS
DO.160,DO-160
DO.178B,DO-178B
DO.178C,DO-178C
DOCSIS,DOCSIS
Doctrine,Doctrine
Document.imaging,Document imaging
Document.management,Document management
Documentation,Documentation
DOE,DOE
Dojo,Dojo
DOM,DOM
DOS,DOS
DOT,DOT
DPS,DPS
DRA,DRA
DRAM,DRAM
Drawing,Drawing
Drive.testing,Drive testing
DRM,DRM
Drools,Drools
DRP,DRP
DRS,DRS
Drupal,Drupal
DS,DS
DSC,DSC
DSL,DSL
DSLAM,DSLAM
DSP,DSP
DSS,DSS
DTC,DTC
DTD,DTD
DTP,DTP
DTS,DTS
Due.diligence,Due diligence
DV,DV
DVB,DVB
DVM,DVM
DVR,DVR
DWDM,DWDM
DxDesigner,DxDesigner
DXL,DXL
Dynamic.testing,Dynamic testing
Dynamics,Dynamics
Dynatrace,Dynatrace
E.learning,E-learning
EAI,EAI
EBS,EBS
ECAD,ECAD
Eclipse,Eclipse
ECM,ECM
Economics,Economics
ECS,ECS
EDA,EDA
EDI,EDI
EDIS,EDIS
Editing,Editing
Editorial,Editorial
EDM,EDM
EDS,EDS
Education,Education
EEG,EEG
EF,EF
Effective.communication,Effective communication
efs,EFS
eGate,eGate
Ehcache,Ehcache
EHR,EHR
EIGRP,EIGRP
EIM,EIM
EIP,EIP
Elasticsearch,Elasticsearch
Electrical.engineering,Electrical engineering
Electrical.wiring,Electrical wiring
Electrician,Electrician
Electromechanics,Electromechanics
Electronic.engineering,Electronic engineering
Electronic.packaging,Electronic packaging
Electronics,Electronics
Element.management.system,Element management system
Eloqua,Eloqua
Emacs,Emacs
Email,Email
embedded,embedded
Embedded.C,Embedded C
embedded.device.testing,embedded device testing
Embedded.Linux,Embedded Linux
Embedded.software,Embedded software
Embedded.systems,Embedded systems
Ember.js,Ember.js
EMC,EMC
EME,EME
EMEA,EMEA
Emerging.technologies,Emerging technologies
EMI,EMI
EMR,EMR
EMS,EMS
Emulation,Emulation
EMV,EMV
Encryption,Encryption
End.user.computing,End-user computing
End.user.training,End-user training
Endeca,Endeca
Energy,Energy
Engagement.management,Engagement management
Engineering.analysis,Engineering analysis
Engineering.design,Engineering design
Engineering.support,Engineering support
Engineering.technician,Engineering technician
English,English
ENOVIA,ENOVIA
Enterprise.architecture,Enterprise architecture
Enterprise.integration,Enterprise integration
Enterprise.JavaBeans,Enterprise JavaBeans
Enterprise.mobility.management,Enterprise mobility management
Enterprise.networks,Enterprise networks
Enterprise.services,Enterprise services
Enterprise.software,Enterprise software
Entity.Framework,Entity Framework
Environment.management,Environment management
Environmental,Environmental
EP,EP
EPC,EPC
EPIC,EPIC
Epicor,Epicor
EPLAN,EPLAN
EPM,EPM
ER.Studio,ER/Studio
Ericsson,Ericsson
ERP,ERP
ERS,ERS
ERwin,ERwin
ESB,ESB
Escalation.management,Escalation management
ESD,ESD
ESP,ESP
ESS,ESS
Essbase,Essbase
Estimating,Estimating
Ethernet,Ethernet
ETL,ETL
ETM,ETM
Evaluation,Evaluation
EVDO,EVDO
Event.management,Event management
Exceed,Exceed
Expect,Expect
Experience.design,Experience design
Exploratory.testing,Exploratory testing
EXT,EXT
Ext.JS,Ext JS
Extraction,Extraction
Extreme.programming,Extreme programming
F5,F5
Facebook,Facebook
Facilitation,Facilitation
Failover,Failover
Failure.analysis,Failure analysis
FAR,FAR
FC,FC
FCAPS,FCAPS
FCoE,FCoE
FDA,FDA
FEA,FEA
Feasibility.study,Feasibility study
FedRAMP,FedRAMP
FEM,FEM
ffmpeg,FFmpeg
Fiber.channel,Fiber channel
Fiddler,Fiddler
Field.engineering,Field engineering
Field.service,Field service
FIFO,FIFO
File.formats,File formats
File.systems,File systems
FileNet,FileNet
Filing,Filing
FIM,FIM
Finance,Finance
Financial.accounting,Financial accounting
Financial.analysis,Financial analysis
Financial.management,Financial management
Financial.reporting,Financial reporting
Financial.services,Financial services
Finite.element,Finite element
Firebug,Firebug
Firefox,Firefox
Firewall,Firewall
Firmware,Firmware
Firmware.development,Firmware development
FishEye,FishEye
FIT,FIT
FIX,FIX
Fixed.assets,Fixed assets
Flask,Flask
Flat.file,Flat file
Fleet.management,Fleet management
FloTHERM,FloTHERM
Flowchart,Flowchart
Fluency,Fluency
fluent,fluent
Fluid.mechanics,Fluid mechanics
FM,FM
FMEA,FMEA
FMECA,FMECA
FMS,FMS
FOCUS,FOCUS
FogBugz,FogBugz
Force.com,Force.com
Forecasting,Forecasting
Formal.verification,Formal verification
Forms,Forms
Fortify,Fortify
Fortran,Fortran
Foundry,Foundry
FPGA,FPGA
fracas,FRACAS
Frame.Relay,Frame Relay
Framework,Framework
Fraud.management,Fraud management
FreeBSD,FreeBSD
FreeSWITCH,FreeSWITCH
French,French
FRS,FRS
FTA,FTA
FTP,FTP
FTS,FTS
FTTX,FTTX
Function.generator,Function generator
Functional.analysis,Functional analysis
Functional.design,Functional design
Functional.requirements,Functional requirements
Functional.specification,Functional specification
Functional.testing,Functional testing
Fusion,Fusion
FxCop,FxCop
GA,GA
Gambit,Gambit
Gaming,Gaming
GAMP,GAMP
GAP,GAP
Gap.analysis,Gap analysis
GC,GC
GCC,GCC
GCD,GCD
GDB,GDB
GDP,GDP
GEM,GEM
General.Ledger,General Ledger
Genesys,Genesys
Gentran,Gentran
Geographic.information.system,Geographic information system
German,German
GGSN,GGSN
Ghost,Ghost
GHS,GHS
Git,Git
GitHub,GitHub
GL,GL
GlassFish,GlassFish
GLM,GLM
Global.delivery,Global delivery
Global.marketing,Global marketing
GLP,GLP
GMLAN,GMLAN
GMP,GMP
GNU,GNU
Good.manufacturing.practice,Good manufacturing practice
Google.Analytics,Google Analytics
Google.App.Engine,Google App Engine
Google.Apps,Google Apps
Google.Chrome,Google Chrome
Google.Drive,Google Drive
Google.Maps,Google Maps
Google.Maps.API,Google Maps API
google.web.toolkit,Google Web Toolkit
Google.,Google+
GOP,GOP
Governance,Governance
Government,Government
GPIB,GPIB
GPM,GPM
GPP,GPP
GPRS,GPRS
GPS,GPS
GPU,GPU
GR,GR
Gradle,Gradle
Grails,Grails
Graphics,Graphics
Graphite,Graphite
Gray.box.testing,Gray box testing
Green.Hills,Green Hills
Green.Hills.Integrity,Green Hills Integrity
GRID,GRID
Groovy,Groovy
Group.policy,Group policy
GRXML,GRXML
GSLB,GSLB
GSM,GSM
GStreamer,GStreamer
GTP,GTP
GTS,GTS
GUI,GUI
GWT,GWT
GXP,GXP
GXS,GXS
H.323,H.323
HAL,HAL
Hand.tools,Hand tools
Hansoft,Hansoft
HAP,HAP
Hardening,Hardening
Hardware,Hardware
Hardware.development,Hardware development
Hardware.installation,Hardware installation
Hardware.troubleshooting,Hardware troubleshooting
hats,HATS
HB,HB
HCI,HCI
hd,HD
hdd,HDD
HDFS,HDFS
HDL,HDL
HDM,HDM
HDMI,HDMI
Health.care,Health care
HEAT,HEAT
Heat.transfer,Heat transfer
Help.desk,Help desk
Heroku,Heroku
Heuristic.evaluation,Heuristic evaluation
HFSS,HFSS
Hibernate,Hibernate
High.level.design,High-level design
HIPAA,HIPAA
HIT,HIT
Hitachi,Hitachi
HITECH,HITECH
HL7,HL7
HLD,HLD
HLLAPI,HLLAPI
HLR,HLR
HMC,HMC
HMI,HMI
Hortonworks,Hortonworks
Hospitality,Hospitality
Hosting,Hosting
HP,HP
HP.UX,HP-UX
HP.ALM,HP ALM
HP.Data.Protector,HP Data Protector
HP.LoadRunner,HP LoadRunner
HP.Performance.Center,HP Performance Center
hp.ppm,HP PPM
HP.Quality.Center,HP Quality Center
HP.QuickTest.Professional,HP QuickTest Professional
HP.Server,HP Server
HP.SiteScope,HP SiteScope
HQL,HQL
HSPICE,HSPICE
HSRP,HSRP
HSS,HSS
HTML,HTML
HTML5,HTML5
HTTP,HTTP
HTTPS,HTTPS
HUAWEI,HUAWEI
Hudson,Hudson
Human.computer.interaction,Human-computer interaction
Human.resources,Human resources
HVAC,HVAC
Hybris,Hybris
Hydraulics,Hydraulics
Hyper.V,Hyper-V
Hyperion,Hyperion
hyperlynx,Hyperlynx
Hypermesh,Hypermesh
I2C,I2C
IaaS,IaaS
IAR,IAR
iBATIS,iBATIS
IBM,IBM
IBM.AIX,IBM AIX
IBM.Assembler,IBM Assembler
IBM.Cognos,IBM Cognos
IBM.Cognos.BI,IBM Cognos BI
IBM.Cognos.Framework.Manager,IBM Cognos Framework Manager
IBM.Cognos.Report.Studio,IBM Cognos Report Studio
IBM.Cognos.TM1,IBM Cognos TM1
IBM.Cognos.Transformer,IBM Cognos Transformer
IBM.DB2,IBM DB2
IBM.HTTP.Server,IBM HTTP Server
IBM.IMS,IBM IMS
IBM.Informix,IBM Informix
IBM.InfoSphere,IBM InfoSphere
IBM.ODM,IBM.ODM
IBM.Rational,IBM Rational
IBM.Rational.ClearCase,IBM Rational ClearCase
IBM.Rational.ClearQuest,IBM Rational ClearQuest
IBM.Rational.DOORS,IBM Rational DOORS
IBM.Rational.Performance.Tester,IBM Rational Performance Tester
IBM.Rational.Quality.Manager,IBM Rational Quality Manager
IBM.Rational.RequisitePro,IBM Rational RequisitePro
IBM.Rational.Synergy,IBM Rational Synergy
IBM.Rational.Team.Concert,IBM Rational Team Concert
IBM.RPG,IBM RPG
IBM.Security.AppScan,IBM Security AppScan
IBM.Sterling.Commerce,IBM Sterling Commerce
IBM.Storage,IBM Storage
IBM.WebSphere,IBM WebSphere
IBM.WebSphere.Application.Server,IBM WebSphere Application Server
IBM.WebSphere.Commerce,IBM WebSphere Commerce
IBM.WebSphere.MQ,IBM WebSphere MQ
IBM.WebSphere.Process.Server,IBM WebSphere Process Server
IBM.WID,IBM WID
IBM.Worklight,IBM Worklight
IC,IC
ICC,ICC
ICE,ICE
ICEfaces,ICEfaces
ICH,ICH
ICM,ICM
ICMP,ICMP
ICOMS,ICOMS
ICS,ICS
IDC,IDC
IDE,IDE
IDEA,IDEA
Ideation,Ideation
Identity.management,Identity management
IDLE,IDLE
IDoc,IDoc
IDS,IDS
IEEE.802.11,IEEE 802.11
IEEE.802.1X,IEEE 802.1X
IGBT,IGBT
IGMP,IGMP
IHE,IHE
Illustration,Illustration
IM,IM
Image.analysis,Image analysis
Image.editing,Image editing
image.management,Image management
Image.processing,Image processing
Image.segmentation,Image segmentation
IMAP,IMAP
IMPACT,IMPACT
Implementation,Implementation
Implementation.management,Implementation management
Incident.management,Incident management
IND,IND
Industrial.design,Industrial design
Industrial.engineering,Industrial engineering
Infinium,Infinium
Infor,Infor
Informatica,Informatica
Informatica.PowerCenter,Informatica PowerCenter
Informatics,Informatics
Information.Analyzer,Information Analyzer
Information.architecture,Information architecture
Information.design,Information design
Information.lifecycle.management,Information lifecycle management
Information.management,Information management
Information.mapping,Information mapping
Information.security,Information security
Information.systems,Information systems
Infragistics,Infragistics
Infrastructure,Infrastructure
Infrastructure.architecture,Infrastructure architecture
Infrastructure.management,Infrastructure management
Injection.molding,Injection molding
Innovation,Innovation
INSPECT,INSPECT
Inspection,Inspection
InstallAnywhere,InstallAnywhere
Installation,Installation
Installshield,Installshield
Instructional.design,Instructional design
Instrumentation,Instrumentation
Insurance,Insurance
Integration,Integration
Integration.architecture,Integration architecture
Integration.Broker,Integration Broker
Integration.management,Integration management
Integration.testing,Integration testing
Intellectual.property,Intellectual property
Intelligence,Intelligence
IntelliJ.IDEA,IntelliJ IDEA
Interaction.design,Interaction design
Interactive.marketing,Interactive marketing
Interface.design,Interface design
Interfaces,Interfaces
Interfaces.management,Interfaces management
Internal.communications,Internal communications
Internationalization.and.localization,Internationalization and localization
Internet,Internet
Internet.Explorer,Internet Explorer
Internet.research,Internet research
Interwoven,Interwoven
Intranet,Intranet
Inventory,Inventory
Inventory.control,Inventory control
Inventory.management,Inventory management
Investigation,Investigation
Invoices,Invoices
IO,IO
IOC,IOC
iOLAP,iOLAP
ION,ION
iOS,iOS
IOT,IOT
IP,IP
iPad,iPad
IPC,IPC
IPDR,IPDR
iPhone,iPhone
IPMI,IPMI
IPS,IPS
IPsec,IPsec
iptables,iptables
IPTV,IPTV
IPv4,IPv4
IPv6,IPv6
IQ,IQ
IR,IR
IRD,IRD
IronPython,IronPython
ISA,ISA
iSCSI,iSCSI
ISDN,ISDN
ISE,ISE
ISIS,ISIS
ISO.13485,ISO 13485
ISO.9000,ISO 9000
ISP,ISP
ISS,ISS
ISSE,ISSE
Issue.resolution,Issue resolution
Issue.tracking,Issue tracking
ISTQB,ISTQB
ISUP,ISUP
it.architecture,IT architecture
IT.security.assessment,IT security assessment
ITIL,ITIL
ITK,ITK
Itko,Itko
ITL,ITL
IVR,IVR
Ixia,Ixia
J2EE,J2EE
J2ME,J2ME
JAM,JAM
Jama,Jama
Japanese,Japanese
Jasmine,Jasmine
JasperReports,JasperReports
JasperSoft,JasperSoft
Java,Java
Java.SE,Java SE
Java.Servlets,Java Servlets
JavaBeans,JavaBeans
JavaFX,JavaFX
javamail,JavaMail
JavaScript,JavaScript
JavaScriptMVC,JavaScriptMVC
JAWS,JAWS
JAX,JAX
JAX.RS,JAX-RS
JAX.WS,JAX-WS
JAXB,JAXB
JBA,JBA
jBPM,jBPM
JCL,JCL
jconsole,JConsole
JD,JD
JDBC,JDBC
JDE,JDE
JDK,JDK
JDO,JDO
JEDEC,JEDEC
Jenkins,Jenkins
Jersey,Jersey
Jetty,Jetty
JIRA,JIRA
jmp,JMP
JMS,JMS
JMX,JMX
JNCIA,JNCIA
JNDI,JNDI
JNI,JNI
Job.scheduling,Job scheduling
Joomla,Joomla
Journalism,Journalism
JPA,JPA
JProbe,JProbe
JProfiler,JProfiler
jQuery,jQuery
jQuery.Mobile,jQuery Mobile
jQuery.UI,jQuery UI
JScript,JScript
JSE,JSE
JSON,JSON
JSP,JSP
JSR,JSR
JSTL,JSTL
JTA,JTA
JTAG,JTAG
Juniper,Juniper
JUnit,JUnit
JVM,JVM
Kanban,Kanban
KCS,KCS
Kendo.UI,Kendo UI
Kentico.CMS,Kentico CMS
Kerberos,Kerberos
Keyword.research,Keyword research
Kickstart,Kickstart
KMAT,KMAT
KMS,KMS
Knockout.JS,Knockout JS
knowledge.management,Knowledge management
Knowledge.sharing,Knowledge sharing
KPI,KPI
KPI.management,KPI management
KVM,KVM
L2TP,L2TP
Laboratory.equipment,Laboratory equipment
Laboratory.management,Laboratory management
LabVIEW,LabVIEW
LabWindows.CVI,LabWindows/CVI
LACP,LACP
Ladder.logic,Ladder logic
LAMP,LAMP
LAN,LAN
Laptop,Laptop
Lasers,Lasers
Lauterbach,Lauterbach
layer.2.3.protocol,layer.2.3.protocol
Layout,Layout
LDAP,LDAP
LDP,LDP
LDRA,LDRA
lead.generation,Lead generation
Leadership,Leadership
LEC,LEC
LED,LED
Legacy.systems,Legacy systems
Legal,Legal
LESS,LESS
Level.design,Level design
Licensing,Licensing
Licensing.management,Licensing management
Life.sciences,Life sciences
Lifecycle.management,Lifecycle management
Liferay,Liferay
Lighting,Lighting
linear.algebra,Linear algebra
Linear.regression,Linear regression
LinkedIn,LinkedIn
LINQ,LINQ
Linux,Linux
Linux.administration,Linux administration
Linux.kernel,Linux kernel
LISA,LISA
Lithography,Lithography
LMS,LMS
Load.balancing,Load balancing
Load.testing,Load testing
Location.based.services,Location-based services
Log.analysis,Log analysis
Log.management,Log management
Log.shipping,Log shipping
Logic.analyzer,Logic analyzer
Logistic.regression,Logistic regression
Logistics,Logistics
Logos,Logos
Lotus,Lotus
LPS,LPS
LS.DYNA,LS-DYNA
LSF,LSF
LTE,LTE
ltp,LTP
Lua,Lua
LVM,LVM
LVS,LVS
LXC,LXC
MAC,MAC
Machine.design,Machine design
Machine.learning,Machine learning
Machine.vision,Machine vision
Machining,Machining
Macros,Macros
MadCap,MadCap
Magento,Magento
MAGIC,MAGIC
MAGMA,MAGMA
Mainframe,Mainframe
maintenance.management,Maintenance Management
Makefile,Makefile
MAN,MAN
Managed.services,Managed services
Management.reporting,Management reporting
Management.skills,Management skills
MANTAS,MANTAS
Manual.testing,Manual testing
Manufacturing,Manufacturing
Manufacturing.engineering,Manufacturing engineering
Manufacturing.execution.system,Manufacturing execution system
Manufacturing.operations,Manufacturing operations
Manufacturing.support,Manufacturing support
MAPICS,MAPICS
MAPPER,MAPPER
Mapping,Mapping
MapReduce,MapReduce
Market.research,Market research
Market.share,Market share
Marketing,Marketing
Marketing.automation,Marketing automation
Marketing.planning,Marketing planning
Marketing.strategy,Marketing strategy
MarkLogic,MarkLogic
MASS,MASS
Mastercam,Mastercam
Material.characterization,Material characterization
Material.handling,Material handling
Materials.management,Materials management
Materials.science,Materials science
mathcad,Mathcad
Mathematical.modeling,Mathematical modeling
Mathematics,Mathematics
MATLAB,MATLAB
MBA,MBA
MBIST,MBIST
McAfee,McAfee
MCU,MCU
MDB,MDB
MDM,MDM
MDS,MDS
MDX,MDX
Mechanical.drawing,Mechanical drawing
Mechanical.engineering,Mechanical engineering
Mechanics,Mechanics
Mechatronics,Mechatronics
Media,Media
Mediation,Mediation
Medical.imaging,Medical imaging
Medical.records,Medical records
Medical.terminology,Medical terminology
Medical.writing,Medical writing
MEDITECH,MEDITECH
MEF,MEF
MEGA,MEGA
Memcached,Memcached
Mentor.Graphics,Mentor Graphics
Mentorship,Mentorship
Mercurial,Mercurial
Mercury,Mercury
MES,MES
Message.queues,Message queues
Messaging,Messaging
MetaSwitch,MetaSwitch
Meteor,Meteor
Metrics,Metrics
Metrology,Metrology
MFC,MFC
MGCP,MGCP
MI,MI
MIB,MIB
MIC,MIC
Micro.Focus,Micro Focus
Microbiology,Microbiology
Microcontrollers,Microcontrollers
Microprocessor,Microprocessor
Microscope,Microscope
Microsoft.BI,Microsoft BI
Microsoft.BizTalk.Server,Microsoft BizTalk Server
Microsoft.Blend,Microsoft Blend
Microsoft.Dynamics.AX,Microsoft Dynamics AX
Microsoft.Dynamics.CRM,Microsoft Dynamics CRM
Microsoft.Excel,Microsoft Excel
Microsoft.Exchange,Microsoft Exchange
Microsoft.FrontPage,Microsoft FrontPage
Microsoft.IIS,Microsoft IIS
Microsoft.IIS.administration,Microsoft IIS administration
Microsoft.InfoPath,Microsoft InfoPath
Microsoft.Lync,Microsoft Lync
Microsoft.Office,Microsoft Office
Microsoft.Office.Live,Microsoft Office Live
Microsoft.OneNote,Microsoft OneNote
Microsoft.Project,Microsoft Project
Microsoft.Project.Server,Microsoft Project Server
Microsoft.SCCM,Microsoft SCCM
Microsoft.SCOM,Microsoft.SCOM
Microsoft.SCVMM,Microsoft SCVMM
Microsoft.Servers,Microsoft Servers
Microsoft.SharePoint,Microsoft SharePoint
Microsoft.SharePoint.Designer,Microsoft SharePoint Designer
Microsoft.Silverlight,Microsoft Silverlight
Microsoft.SQL.Server,Microsoft SQL Server
Microsoft.SQL.Server.DBA,Microsoft SQL Server DBA
Microsoft.SSAS,Microsoft SSAS
Microsoft.SSIS,Microsoft SSIS
Microsoft.SSRS,Microsoft SSRS
Microsoft.technologies,Microsoft technologies
Microsoft.Test.Manager,Microsoft Test Manager
Microsoft.TFS,Microsoft TFS
Microsoft.Virtual.Server,Microsoft Virtual Server
Microsoft.Visual.Studio,Microsoft Visual Studio
Microsoft.Windows,Microsoft Windows
Microsoft.Windows.7,Microsoft Windows 7
Microsoft.Windows.8,Microsoft Windows 8
Microsoft.Windows.9x,Microsoft.Windows.9x
Microsoft.Windows.Azure,Microsoft Windows Azure
Microsoft.Windows.CE,Microsoft Windows CE
Microsoft.Windows.Mobile,Microsoft Windows Mobile
Microsoft.Windows.Phone,Microsoft Windows Phone
Microsoft.Windows.SDK,Microsoft Windows SDK
Microsoft.Windows.XP,Microsoft Windows XP
Microsoft.Word,Microsoft Word
Microsoft.WSUS,Microsoft.WSUS
MicroStrategy,MicroStrategy
Microwave,Microwave
Middleware,Middleware
Migration,Migration
MII,MII
Military,Military
Milling,Milling
MIME,MIME
MIMIX,MIMIX
Mingle,Mingle
Minitab,Minitab
MIPI,MIPI
Mirroring,Mirroring
Mirth,Mirth
MKS,MKS
mks.integrity,MKS Integrity
MMC,MMC
MME,MME
MMS,MMS
Mobile,Mobile
Mobile.applications,Mobile applications
Mobile.computing,Mobile computing
Mobile.development,Mobile development
Mobile.device.management,Mobile device management
Mobile.devices,Mobile devices
Mobile.security,Mobile security
Mobile.technology,Mobile technology
Mobile.Web,Mobile Web
Mobility.management,Mobility management
Mockito,Mockito
Mockups,Mockups
Modbus,Modbus
Model.based.testing,Model-based testing
Model.N,Model N
Modeling,Modeling
Modelsim,Modelsim
MOM,MOM
MongoDB,MongoDB
Monitoring,Monitoring
Mono,Mono
MOQ,MOQ
MP3,MP3
MPE,MPE
MPEG,MPEG
MPEG.2,MPEG-2
MPI,MPI
MPLS,MPLS
MPM,MPM
MPP,MPP
MPS,MPS
MQL,MQL
MQTT,MQTT
MRI,MRI
MRO,MRO
MRP,MRP
MSBuild,MSBuild
MSC,MSC
MSI,MSI
MSP,MSP
MSS,MSS
MSTest,MSTest
MSTP,MSTP
MSTR,MSTR
MTM,MTM
MTS,MTS
Mule,Mule
Multi.core,Multi-core
Multicast,Multicast
Multimedia,Multimedia
Multimeter,Multimeter
Multitasking,Multitasking
Multithreading,Multithreading
MVC,MVC
MVC.Framework,MVC Framework
MVN,MVN
MVP,MVP
MVS,MVS
MVVM,MVVM
MW,MW
MySQL,MySQL
MySQL.DBA,MySQL DBA
Nagios,Nagios
NAND,NAND
NAS,NAS
NASTRAN,NASTRAN
NAT,NAT
NATURAL,NATURAL
Natural.language.processing,Natural language processing
NDS,NDS
NEC,NEC
Needs.analysis,Needs analysis
Negative.testing,Negative testing
Negotiations,Negotiations
Neo4j,Neo4j
NERC,NERC
Nessus,Nessus
NetApp,NetApp
NetBeans,NetBeans
NETCONF,NETCONF
Netcool,Netcool
Netezza,Netezza
NetScaler,NetScaler
NetScout,NetScout
Network,Network
Network.analysis,Network analysis
Network.architecture,Network architecture
Network.cabling,Network cabling
Network.design,Network design
Network.layer,Network layer
Network.management,Network management
Network.monitoring,Network monitoring
Network.operations,Network operations
Network.programming,Network programming
Network.protocols,Network protocols
Network.security,Network security
Networking,Networking
Neural.networks,Neural networks
New.product.introduction,New product introduction
NextGen,NextGen
Nexus,Nexus
NFPA,NFPA
NFS,NFS
Nginx,Nginx
NICE,NICE
Nintex,Nintex
NIS,NIS
NIST,NIST
Nmap,Nmap
NMS,NMS
NOC,NOC
Node.js,Node.js
Nokia,Nokia
Non.functional.testing,Non-functional testing
Normalization,Normalization
NoSQL,NoSQL
NPI,NPI
NTP,NTP
NumPy,NumPy
NUnit,NUnit
NVDA,NVDA
OAM,OAM
OAuth,OAuth
OBIEE,OBIEE
OBIEE.administration,OBIEE administration
Object.relational.mapping,Object-relational mapping
Objective.C,Objective-C
OCS,OCS
Octave,Octave
OD,OD
ODBC,ODBC
ODS,ODS
OEM,OEM
OER,OER
ofdm,OFDM
Office.automation,Office automation
Offshore.development,Offshore development
OLM,OLM
OLTP,OLTP
OM,OM
OmniGraffle,OmniGraffle
oms,OMS
Onboarding,Onboarding
Online.Help,Online Help
Online.learning,Online learning
Online.production,Online production
Onshore,Onshore
OOAD,OOAD
OOD,OOD
OOP,OOP
OOPS,OOPS
OPC,OPC
Open.source,Open source
OpenCart,OpenCart
opencl,OpenCL
OpenCV,OpenCV
OpenGL,OpenGL
OpenGL.ES,OpenGL ES
OpenLayers,OpenLayers
OpenMP,OpenMP
OpenSceneGraph,OpenSceneGraph
OpenSSL,OpenSSL
OpenStack,OpenStack
openvms,OpenVMS
Operating.systems,Operating systems
Operational.excellence,Operational excellence
Operations,Operations
Operations.management,Operations management
OPNET,OPNET
Optics,Optics
Optimization,Optimization
OQ,OQ
Oracle,Oracle
Oracle.Adaptive.Access.Manager,Oracle Adaptive Access Manager
Oracle.ADF,Oracle ADF
Oracle.Application.Framework,Oracle Application Framework
Oracle.Applications,Oracle Applications
Oracle.ASM,Oracle ASM
Oracle.B2B,Oracle B2B
Oracle.Data.Guard,Oracle Data Guard
Oracle.DBA,Oracle DBA
Oracle.Developer,Oracle Developer
Oracle.Exadata,Oracle Exadata
Oracle.Financials,Oracle Financials
Oracle.Forms,Oracle Forms
Oracle.GoldenGate,Oracle GoldenGate
Oracle.Grid.Control,Oracle Grid Control
Oracle.HCM,Oracle HCM
Oracle.Identity.Management,Oracle Identity Management
Oracle.iPlanet.Web.Server,Oracle iPlanet Web Server
Oracle.Linux,Oracle Linux
Oracle.RAC,Oracle RAC
Oracle.RMS,Oracle.RMS
Oracle.SQL.Developer,Oracle SQL Developer
Oracle.TCA,Oracle.TCA
Oracle.WebCenter,Oracle WebCenter
Oracle.WebLogic,Oracle WebLogic
Oracle.WebLogic.administration,Oracle WebLogic administration
Oracle.Workflow,Oracle Workflow
OrCAD,OrCAD
order.management,Order management
Order.processing,Order processing
Organizational.management,Organizational management
Organizational.skills,Organizational skills
Organizational.structure,Organizational structure
ORM,ORM
OS.X,OS X
Oscilloscope,Oscilloscope
OSE,OSE
OSGi,OSGi
OSI,OSI
OSI.model,OSI model
OSIsoft,OSIsoft
OSPF,OSPF
OSR,OSR
OSS,OSS
OTN,OTN
Outreach,Outreach
Outsourcing,Outsourcing
OVM,OVM
OWASP,OWASP
PaaS,PaaS
PACE,PACE
Packaging.design,Packaging design
Packaging.engineering,Packaging engineering
Packet.analysis,Packet analysis
PADS,PADS
Parasoft,Parasoft
Partnership,Partnership
Password.management,Password management
Patch.Management,Patch Management
Patents,Patents
Pattern.recognition,Pattern recognition
Payment.gateways,Payment gateways
Payment.processing,Payment processing
Payment.systems,Payment systems
Payments,Payments
Payroll,Payroll
PC,PC
PCA,PCA
pcad,PCAD
PCB,PCB
PCI,PCI
PCI.DSS,PCI DSS
PCM,PCM
PCRF,PCRF
PD,PD
PDF,PDF
PDH,PDH
PDM,PDM
pdms,PDMS
PDO,PDO
PEARL,PEARL
Pega,Pega
Penetration.testing,Penetration testing
Pentaho,Pentaho
PeopleCode,PeopleCode
PeopleSoft,PeopleSoft
PeopleTools,PeopleTools
Perforce,Perforce
Performance.analysis,Performance analysis
Performance.engineering,Performance engineering
Performance.improvement,Performance improvement
Performance.management,Performance management
Performance.monitoring,Performance monitoring
Performance.testing,Performance testing
Performance.tuning,Performance tuning
Perl,Perl
Personas,Personas
Pervasive,Pervasive
PFC,PFC
PGP,PGP
PGW,PGW
Pharmaceutics,Pharmaceutics
Pharmacy,Pharmacy
PhoneGap,PhoneGap
Photography,Photography
PHP,PHP
Physical.data.model,Physical data model
Physical.layer,Physical layer
Physics,Physics
PIC,PIC
PICK,PICK
PIM,PIM
PIP,PIP
Pivot.table,Pivot table
Pivotal,Pivotal
PKI,PKI
PL.SQL,PL/SQL
Planning,Planning
Plastic.design,Plastic design
Play.Framework,Play Framework
PLC,PLC
PLL,PLL
PLM,PLM
PLS,PLS
pmd,PMD
PMO,PMO
PMP,PMP
PMS,PMS
pmstep,pmstep
Pneumatics,Pneumatics
PO,PO
POC,POC
Policies,Policies
POP,POP
POP3,POP3
Portfolio.management,Portfolio management
Portlets,Portlets
POS,POS
Positive.attitude,Positive attitude
POSIX,POSIX
Postfix,Postfix
PostgreSQL,PostgreSQL
Postini,Postini
POSTMAN,POSTMAN
PostScript,PostScript
POTS,POTS
Power.electronics,Power electronics
Power.management,Power management
Power.MOSFET.Circuit,Power MOSFET Circuit
Power.supply,Power supply
Power.tools,Power tools
Power.View,Power View
PowerBuilder,PowerBuilder
PowerCLI,PowerCLI
PowerPC,PowerPC
PowerPivot,PowerPivot
PPAP,PPAP
PPC,PPC
PPM,PPM
PPP,PPP
PPS,PPS
PPT,PPT
PQ,PQ
PQM,PQM
PREDICT,PREDICT
Predictive.analytics,Predictive analytics
Predictive.modelling,Predictive modelling
Presales,Presales
Presentations,Presentations
PrestaShop,PrestaShop
Preventive.maintenance,Preventive maintenance
Prezi,Prezi
PRI,PRI
Pricing,Pricing
PrimeFaces,PrimeFaces
Print.servers,Print servers
Printers,Printers
Printing,Printing
Prism,Prism
Pro.Tools,Pro Tools
Pro.C,Pro*C
Pro.Mechanica,Pro/Mechanica
Problem.analysis,Problem analysis
Problem.management,Problem management
Problem.solving,Problem solving
Procedure,Procedure
Process.analysis,Process analysis
Process.automation,Process automation
process.consulting,Process consulting
Process.control,Process control
Process.engineering,Process engineering
Process.flow,Process flow
Process.improvement,Process improvement
Process.integration,Process integration
Process.management,Process management
Process.manufacturing,Process manufacturing
Process.modeling,Process modeling
Process.Monitor,Process Monitor
Process.optimization,Process optimization
Process.outsourcing,Process outsourcing
Process.reengineering,Process reengineering
Process.simulation,Process simulation
Procurement,Procurement
procurement.management,Procurement management
Product.costing,Product costing
Product.design,Product design
Product.development,Product development
Product.engineering,Product engineering
Product.intelligence,Product intelligence
Product.lifecycle.management,Product lifecycle management
Product.management,Product management
Product.marketing,Product marketing
Product.optimization,Product optimization
Product.owner,Product owner
Product.planning,Product planning
Product.requirements,Product requirements
Product.research,Product research
Product.scoping,Product scoping
Product.strategy,Product strategy
Product.Studio,Product Studio
Product.support,Product support
Production,Production
Production.artist,Production artist
Production.control,Production control
Production.engineering,Production engineering
Productivity,Productivity
Productivity.improvement,Productivity improvement
ProE,ProE
Professional.services,Professional services
Professional.writing,Professional writing
Program.development,Program development
Program.management,Program management
Program.management.office,Program management office
programmable.logic.controller,Programmable logic controller
Programming,Programming
Project.accounting,Project accounting
Project.budget,Project budget
Project.coordination,Project coordination
project.costing,Project costing
Project.delivery,Project delivery
Project.development,Project development
Project.documentation,Project documentation
Project.engineering,Project engineering
Project.estimation,Project estimation
Project.finance,Project finance
Project.implementation,Project implementation
Project.management,Project management
Project.planning,Project planning
project.portfolio.management,Project portfolio management
Project.scheduling,Project scheduling
Project.scoping,Project scoping
Promotions,Promotions
Proofreading,Proofreading
Prospecting,Prospecting
Protocol.analysis,Protocol analysis
Prototyping,Prototyping
ProVision,ProVision
Provisioning,Provisioning
PS,PS
PSM,PSM
pSOS,pSOS
PSP,PSP
PSpice,PSpice
PSQL,PSQL
pstn,PSTN
PTC,PTC
PTS,PTS
Public.sector,Public sector
Public.speaking,Public speaking
Publications,Publications
Publisher,Publisher
Publishing,Publishing
Puppet,Puppet
Purchase.orders,Purchase orders
Purchasing,Purchasing
PuTTY,PuTTY
PVCS,PVCS
PXE,PXE
Python,Python
QA,QA
QA.management,QA management
QAS,QAS
qc,qc
qemu,QEMU
Qlikview,Qlikview
QML,QML
QMS,QMS
QNX,QNX
QoS,QoS
QT,QT
qtp,qtp
Quality.audit,Quality audit
Quality.control,Quality control
Quality.improvement,Quality improvement
Quality.inspection,Quality inspection
Quality.management,Quality management
Quantitative.analyst,Quantitative analyst
Quartz,Quartz
Query.optimization,Query optimization
Quest,Quest
QuickBooks,QuickBooks
Quicken,Quicken
QUIKJOB,QUIKJOB
R,R
RabbitMQ,RabbitMQ
RAC,RAC
Rackspace,Rackspace
RAD,RAD
Radar,Radar
Radio,Radio
RADIUS,RADIUS
RAID,RAID
Rally,Rally
RAN,RAN
RANAP,RANAP
Ranorex,Ranorex
Rapid.prototyping,Rapid prototyping
RAS,RAS
RCA,RCA
RDB,RDB
RDBMS,RDBMS
RDMS,RDMS
REACH,REACH
Real.time,Real-time
Reasoning,Reasoning
Receiving,Receiving
Reconciliation,Reconciliation
Recovery,Recovery
Recruitment,Recruitment
Recruitment.management,Recruitment management
Red.Hat.Enterprise.Linux,Red Hat Enterprise Linux
Red.Hat.Linux,Red Hat Linux
Redis,Redis
Redmine,Redmine
Reengineering,Reengineering
Regression.testing,Regression testing
Regulatory.reporting,Regulatory reporting
Relationship.building,Relationship building
Release.engineering,Release engineering
Release.management,Release management
Release.notes,Release notes
Reliability.analysis,Reliability analysis
Reliability.engineering,Reliability engineering
Remote.access,Remote access
Remote.support,Remote support
Repair,Repair
Replication,Replication
Report.Studio,Report Studio
Report.writing,Report writing
Reporting,Reporting
Requirements.analysis,Requirements analysis
Requirements.elicitation,Requirements elicitation
Requirements.engineering,Requirements engineering
Requirements.management,Requirements management
Requirements.traceability,Requirements traceability
Research,Research
Research.design,Research design
Research.management,Research management
Resource.allocation,Resource allocation
Resource.planning,Resource planning
Responsive.design,Responsive design
RESTful,RESTful
Restructuring,Restructuring
Retail,Retail
Revenue.growth,Revenue growth
revenue.management,Revenue management
Reverse.engineering,Reverse engineering
Revision.control,Revision control
Rexx,Rexx
RF,RF
RF.optimization,RF optimization
RFC,RFC
RFI,RFI
RFT,RFT
Rhapsody,Rhapsody
Rhino,Rhino
Riak,Riak
RICE,RICE
RichFaces,RichFaces
RightNow,RightNow
RIP,RIP
Risk.analysis,Risk analysis
Risk.assessment,Risk assessment
Risk.management,Risk management
RMF,RMF
RMI,RMI
RNC,RNC
ROADM,ROADM
Roadmaps,Roadmaps
ROBOT,ROBOT
Robotics,Robotics
Robotium,Robotium
RoHS,RoHS
ROOT,ROOT
Root.cause.analysis,Root cause analysis
Routers,Routers
Routing,Routing
Routing.protocols,Routing protocols
RPC,RPC
RPM,RPM
RRC,RRC
RS.232,RS-232
RSA,RSA
RSTP,RSTP
rsync,rsync
RT,RT
RTC,RTC
RTL,RTL
RTM,RTM
RTOS,RTOS
RTP,RTP
RTSP,RTSP
RTU,RTU
Ruby,Ruby
Russian,Russian
RV,RV
RWD,RWD
S.PLUS,S-PLUS
S.MIME,S/MIME
S1000D,S1000D
SaaS,SaaS
SABA,SABA
SAFE,SAFE
Sales,Sales
Sales.management,Sales management
Sales.operations,Sales operations
Sales.strategy,Sales strategy
Salesforce.com.administration,Salesforce.com administration
SAML,SAML
SAN,SAN
Sanity.testing,Sanity testing
SANS,SANS
SAP,SAP
SAP.ABAP,SAP ABAP
SAP.administration,SAP administration
SAP.APO,SAP.APO
SAP.BASIS,SAP BASIS
SAP.BASIS.administration,SAP BASIS administration
SAP.BI,SAP BI
SAP.CRM,SAP CRM
SAP.DBA,SAP DBA
SAP.DP,SAP DP
SAP.ECC,SAP ECC
SAP.FI,SAP FI
SAP.GUI,SAP GUI
SAP.HANA,SAP HANA
SAP.LE,SAP LE
SAP.MII,SAP MII
SAP.NetWeaver,SAP NetWeaver
SAP.PA,SAP PA
SAP.PI,SAP PI
SAP.PP,SAP PP
SAP.R.3,SAP R/3
SAP.SD,SAP SD
SAP.Security,SAP Security
SAP.Solution.Manager,SAP Solution Manager
SAR,SAR
SAS,SAS
SAS.70,SAS 70
SAS.Access,SAS/Access
Sass,Sass
SATCOM,SATCOM
Satellite,Satellite
SAX,SAX
SBC,SBC
SCA,SCA
SCADA,SCADA
Scade,Scade
Scala,Scala
Scalability,Scalability
SCCP,SCCP
Scheduling,Scheduling
Schematic,Schematic
Schematic.capture,Schematic capture
Schematics,Schematics
Scheme,Scheme
Science,Science
SCJP,SCJP
SCL,SCL
SCM,SCM
SCO,SCO
Scope.management,Scope management
SCORM,SCORM
SCOT,SCOT
SCP,SCP
SCR,SCR
Scripting,Scripting
Scripting.language,Scripting language
Scrum,Scrum
Scrum.master,Scrum master
SCSI,SCSI
SCTP,SCTP
SD,SD
SDET,SDET
SDH,SDH
SDK,SDK
SDL,SDL
SDLC,SDLC
SDM,SDM
SDN,SDN
SDP,SDP
SDS,SDS
Search.engines,Search engines
SEC,SEC
Section.508,Section 508
Security,Security
Security.architecture,Security architecture
Security.engineering,Security engineering
Security.policy,Security policy
Security.QA,Security QA
SeeTest,SeeTest
Selenium,Selenium
Selenium.WebDriver,Selenium WebDriver
Semantics,Semantics
Semiconductors,Semiconductors
Sencha,Sencha
Sendmail,Sendmail
Senior.management,Senior management
Sensors,Sensors
SEP,SEP
Sequence.diagrams,Sequence diagrams
SERDES,SERDES
Serena,Serena
Serial.communication,Serial communication
Server.administration,Server administration
Server.architecture,Server architecture
Server.farms,Server farms
Server.hardware,Server hardware
Server.Message.Block,Server Message Block
Server.virtualization,Server virtualization
Service.assurance,Service assurance
Service.delivery,Service delivery
Service.delivery.management,Service delivery management
Service.design,Service design
Service.desk,Service desk
Service.management,Service management
Service.operations,Service operations
ServiceNow,ServiceNow
Set.top.box,Set-top box
SFA,SFA
SFTP,SFTP
sgml,sgml
SGSN,SGSN
Shared.services,Shared services
Shell,Shell
Shell.scripting,Shell scripting
Shipping,Shipping
Siebel,Siebel
Siebel.administration,Siebel administration
Siebel.CRM,Siebel CRM
Siebel.EAI,Siebel EAI
Siebel.EIM,Siebel EIM
SIEM,SIEM
Siemens,Siemens
SIFT,SIFT
Signal.integrity,Signal integrity
Signal.processing,Signal processing
SIGTRAN,SIGTRAN
sikuli,Sikuli
Silk,Silk
SilkTest,SilkTest
SIM,SIM
SIMS,SIMS
Simulation,Simulation
Simulink,Simulink
SIP,SIP
SIT,SIT
Sitecore,Sitecore
Siteminder,Siteminder
Six.Sigma,Six Sigma
Six.Sigma.Black.Belt,Six Sigma Black Belt
Six.Sigma.Green.Belt,Six Sigma Green Belt
Sketch,Sketch
Skype,Skype
SLA,SLA
SLES,SLES
Slowly.changing.dimensions,Slowly changing dimensions
Smart.grid,Smart grid
SmartDraw,SmartDraw
Smartphones,Smartphones
Smarty,Smarty
SMB,SMB
SMD,SMD
SME,SME
SMP,SMP
SMPP,SMPP
SMSC,SMSC
SMT,SMT
Snagit,Snagit
SNC,SNC
SNMP,SNMP
Snort,Snort
SNOTE,SNOTE
Snow.flake.schema,Snow flake schema
SOA,SOA
SOAP,SOAP
SoapUI,SoapUI
Social.networks,Social networks
Socket.programming,Socket programming
Sockets,Sockets
SODA,SODA
Soft.skills,Soft skills
Software.analysis,Software analysis
Software.architecture,Software architecture
Software.configuration,Software configuration
Software.deployment,Software deployment
Software.design,Software design
Software.development.methodology,Software development methodology
Software.distribution,Software distribution
Software.documentation,Software documentation
Software.engineering,Software engineering
Software.implementation,Software implementation
Software.installation,Software installation
Software.packaging,Software packaging
Software.requirements.specification,Software requirements specification
Software.security,Software security
Soil.mechanics,Soil mechanics
Solaris,Solaris
Solaris.administration,Solaris administration
SolarWinds,SolarWinds
Soldering,Soldering
SOLID,SOLID
Solid.modeling,Solid modeling
SolidEdge,SolidEdge
SolidWorks,SolidWorks
SolMan,SolMan
Solution.architecture,Solution architecture
Solution.delivery,Solution delivery
Sonar,Sonar
Sonet,Sonet
SOP,SOP
SOQL,SOQL
Sound.design,Sound design
Sourcing,Sourcing
Sourcing.management,Sourcing management
SOW,SOW
SPA,SPA
SPAM,SPAM
Spanish,Spanish
Spanning.Tree.Protocol,Spanning Tree Protocol
SPARC,SPARC
SPC,SPC
Specification,Specification
Specman,Specman
Spectrum,Spectrum
Spectrum.analyzer,Spectrum analyzer
Speech.recognition,Speech recognition
SPI,SPI
SPICE,SPICE
Splunk,Splunk
SPM,SPM
SPRE,SPRE
Spring,Spring
Spring.Batch,Spring Batch
Spring.MVC,Spring MVC
Spring.Security,Spring Security
Sprint,Sprint
SPSS,SPSS
SpyGlass,SpyGlass
SQL,SQL
SQL.Azure,SQL Azure
SQL.tuning,SQL tuning
SQL.Loader,SQL*Loader
SQLite,SQLite
SQLRPGLE,SQLRPGLE
Squish,Squish
SR.IOV,SR-IOV
SRD,SRD
SRM,SRM
SRS,SRS
SS7,SS7
SSD,SSD
SSI,SSI
SSL,SSL
SSL.VPN,SSL VPN
SSO,SSO
SST,SST
STA,STA
STAAD,STAAD
Staff.augmentation,Staff augmentation
Staff.management,Staff management
Stakeholder.communications,Stakeholder communications
Stakeholder.management,Stakeholder management
Standard.operating.procedure,Standard operating procedure
Star.schema,Star schema
StarTeam,StarTeam
Startups,Startups
Stata,Stata
Stateflow,Stateflow
Static.timing.analysis,Static timing analysis
STATISTICA,STATISTICA
Statistical.models,Statistical models
Statistical.process.control,Statistical process control
Statistical.signal.processing,Statistical signal processing
Status.reports,Status reports
STB,STB
STE,STE
STL,STL
STLC,STLC
Storage,Storage
Storage.architecture,Storage architecture
Storage.management,Storage management
Storage.virtualization,Storage virtualization
Stored.procedures,Stored procedures
Storyboard,Storyboard
STP,STP
Strategic.Analysis,Strategic Analysis
Strategic.planning,Strategic planning
Strategic.sourcing,Strategic sourcing
Strategic.thinking,Strategic thinking
Strategy,Strategy
Strategy.development,Strategy development
Stratus,Stratus
Streaming,Streaming
Stress.analysis,Stress analysis
Stress.testing,Stress testing
struct,struct
Structural.analysis,Structural analysis
Structural.engineering,Structural engineering
structural.mechanics,Structural mechanics
STS,STS
Subfiles,Subfiles
Subject.matter.expert,Subject-matter expert
Succession.planning,Succession planning
SunOS,SunOS
Supervision,Supervision
Supply.chain.management,Supply chain management
supply.chain.planning,Supply chain planning
Supply.management,Supply management
Surveillance,Surveillance
Survival.analysis,Survival analysis
SUSE.Linux,SUSE Linux
SVA,SVA
SVC,SVC
SVG,SVG
SVM,SVM
SVN,SVN
Swing,Swing
Switchboard,Switchboard
Switches,Switches
SWT,SWT
Sybase,Sybase
Sybase.IQ,Sybase IQ
Symantec,Symantec
Syncsort,Syncsort
Synon,Synon
Synopsys,Synopsys
SysML,SysML
System.administration,System administration
System.Center,System Center
System.deployment,System deployment
System.documentation,System documentation
System.implementation,System implementation
System.integration,System integration
System.integration.testing,System integration testing
System.monitoring,System monitoring
System.requirements,System requirements
System.security,System security
System.testing,System testing
SystemC,SystemC
Systems.analysis,Systems analysis
Systems.architecture,Systems architecture
Systems.design,Systems design
Systems.engineering,Systems engineering
Systems.management,Systems management
Systems.modeling,Systems modeling
SystemTap,SystemTap
SystemVerilog,SystemVerilog
Tableau,Tableau
Tablet,Tablet
TAC,TAC
TACACS,TACACS
Talend,Talend
TAM,TAM
Tandem,Tandem
TAO,TAO
Task.analysis,Task analysis
Taxes,Taxes
Taxonomy,Taxonomy
TBS,TBS
Tcl,Tcl
TCM,TCM
TCP,TCP
TCP.IP,TCP/IP
tcpdump,tcpdump
TDF,TDF
TDM,TDM
TDP,TDP
Team.building,Team building
Team.leadership,Team leadership
Team.management,Team management
Teamcenter,Teamcenter
TeamCity,TeamCity
TeamSite,TeamSite
TeamTrack,TeamTrack
Teamwork,Teamwork
Technical.analysis,Technical analysis
Technical.communication,Technical communication
Technical.director,Technical director
Technical.support,Technical support
Technical.training,Technical training
Technical.writing,Technical writing
Technician,Technician
Technology.integration,Technology integration
Telco,Telco
Telecommunications,Telecommunications
Telematics,Telematics
Telephony,Telephony
Telerik,Telerik
Telnet,Telnet
teradata,Teradata
Terminal.server,Terminal server
Tersus,Tersus
Test.driven.development,Test-driven development
Test.cases,Test cases
Test.equipment,Test equipment
Test.estimation,Test estimation
Test.execution,Test execution
Test.management,Test management
Test.Manager,Test Manager
Test.methods,Test methods
Test.plans,Test plans
Test.scenarios,Test scenarios
Test.scripts,Test scripts
Test.strategy,Test strategy
Test.suites,Test suites
TestComplete,TestComplete
testlink,TestLink
TestNG,TestNG
TestStand,TestStand
Texturing,Texturing
TGA,TGA
Thermal.analysis,Thermal analysis
Thermal.management,Thermal management
Thermodynamics,Thermodynamics
Thin.client,Thin client
Thought.leadership,Thought leadership
Thread,Thread
ThreadX,ThreadX
Threat.modeling,Threat modeling
thyristor,thyristor
TIBCO,TIBCO
TIBCO.Adapters,TIBCO Adapters
TIBCO.BusinessEvents,TIBCO BusinessEvents
TIBCO.BusinessWorks,TIBCO BusinessWorks
tibco.hawk,TIBCO Hawk
TIBCO.Spotfire,TIBCO Spotfire
Tier.1,Tier 1
Tier.2,Tier 2
Tier.3,Tier 3
Time.management,Time management
Time.series,Time series
Timing.closure,Timing closure
Tivoli,Tivoli
Tk,Tk
TLM,TLM
TLS,TLS
TM,TM
TMS,TMS
Toad,Toad
TOGAF,TOGAF
TOR,TOR
TortoiseSVN,TortoiseSVN
TPM,TPM
TPS,TPS
TPT,TPT
Trac,Trac
Traceability.matrix,Traceability matrix
Trade.shows.management,Trade shows management
Training,Training
Training.and.development,Training and development
Transact.SQL,Transact-SQL
Transformation,Transformation
Transformer,Transformer
Transition.management,Transition management
Translation,Translation
Transportation,Transportation
Trend.analysis,Trend analysis
Troubleshooting,Troubleshooting
TTCN,TTCN
Twilio,Twilio
Twitter,Twitter
TWS,TWS
TypeScript,TypeScript
Typography,Typography
UART,UART
Ubuntu,Ubuntu
UC,UC
UCD,UCD
UCM,UCM
UCS,UCS
UDP,UDP
UEFI,UEFI
UFT,UFT
UG,UG
UI,UI
UIKit,UIKit
ultraxml,ultraxml
UML,UML
UMTS,UMTS
Underscore.js,Underscore.js
Unified.communications,Unified communications
Unigraphics.NX,Unigraphics NX
Unit.testing,Unit testing
Unity,Unity
Unix,Unix
Upgrades,Upgrades
UPS,UPS
Usability,Usability
Usability.testing,Usability testing
USB,USB
USD,USD
Use.cases,Use cases
User.centered.design,User-centered design
User.Administration,User Administration
User.experience.management,User experience management
User.guides,User guides
User.research,User research
User.stories,User stories
Utilities,Utilities
UTRAN,UTRAN
UVM,UVM
UX,UX
UXD,UXD
V.Model,V-Model
Vagrant,Vagrant
Valgrind,Valgrind
Valuation,Valuation
Value.engineering,Value engineering
VAS,VAS
VAT,VAT
VBA,VBA
VBScript,VBScript
VC,VC
VCL,VCL
VCP,VCP
VCS,VCS
VDSL,VDSL
Vendor.development,Vendor development
Verification.and.validation,Verification and validation
verifix,VeriFIX
Verilog,Verilog
VersionOne,VersionOne
Vertex,Vertex
Vertica,Vertica
VHDL,VHDL
VI,VI
Video,Video
Video.editing,Video editing
Video.production,Video production
Video.streaming,Video streaming
Videoconferencing,Videoconferencing
VIM,VIM
VIO,VIO
Virsa,Virsa
Virtual.Machine.Manager,Virtual Machine Manager
Virtual.machines,Virtual machines
Virtual.team,Virtual team
VirtualBox,VirtualBox
Virtualization,Virtualization
VISO,VISO
Visual.Basic,Visual Basic
Visual.Basic..NET,Visual Basic .NET
Visual.C..,Visual C++
Visualforce,Visualforce
Visualization,Visualization
VLAN,VLAN
VLOOKUP,VLOOKUP
VLSI,VLSI
VME,VME
VMM,VMM
VMS,VMS
VMware,VMware
VMware.Certified.Professional,VMware Certified Professional
VMware.ESX,VMware ESX
VMware.ESXi,VMware ESXi
VMware.vSphere,VMware vSphere
VMware.Workstation,VMware Workstation
VoIP,VoIP
VPI,VPI
VPN,VPN
VRRP,VRRP
VSAM,VSAM
VSS,VSS
VSTS,VSTS
VTP,VTP
VTS,VTS
Vulnerability.assessment,Vulnerability assessment
VxWorks,VxWorks
W3C,W3C
WAN,WAN
WAN.optimization,WAN optimization
WAR,WAR
Warehouse,Warehouse
Warehouse.management,Warehouse management
Waterfall,Waterfall
Watir,Watir
WAVE,WAVE
WCAG,WCAG
WCF,WCF
WCM,WCM
WDM,WDM
Web.2.0,Web 2.0
web.analytics,Web analytics
Web.API,Web API
Web.application.security,Web application security
Web.applications,Web applications
Web.content,Web content
Web.content.management,Web content management
Web.design,Web design
Web.desktop,Web desktop
Web.development,Web development
Web.parts,Web parts
Web.portals,Web portals
Web.server,Web server
Web.server.administration,Web server administration
Web.services,Web services
Web.standards,Web standards
Webforms,Webforms
WebGL,WebGL
webMethods,webMethods
WebSocket,WebSocket
Weka,Weka
Welding,Welding
WF,WF
whck,WHCK
White.box.testing,White-box testing
Wiki,Wiki
WildFly,WildFly
WiMAX,WiMAX
WINCVS,WINCVS
WinDbg,WinDbg
Windchill,Windchill
Windows.API,Windows API
Windows.Client,Windows Client
Windows.drivers,Windows drivers
Windows.Forms,Windows Forms
Windows.Installer,Windows Installer
Windows.Services,Windows Services
WINS,WINS
wInsight,wInsight
Winsock,Winsock
wIntegrate,wIntegrate
Wintel,Wintel
WIP,WIP
Wireframe,Wireframe
Wireless,Wireless
Wireless.network,Wireless network
Wireless.security,Wireless security
Wireshark,Wireshark
WISE,WISE
WLAN,WLAN
WMS,WMS
Wonderware,Wonderware
WordPress,WordPress
Workflow,Workflow
Workflow.management,Workflow management
Workflow.Manager,Workflow Manager
WPF,WPF
Wrike,Wrike
Writing,Writing
WSDL,WSDL
WTL,WTL
WTT,WTT
WTX,WTX
WWAN,WWAN
WWF,WWF
x86,x86
XACML,XACML
Xamarin,Xamarin
XAML,XAML
XAMPP,XAMPP
Xcode,Xcode
XEN,XEN
XenServer,XenServer
Xilinx,Xilinx
XMetaL,XMetaL
XML,XML
XMLSpy,XMLSpy
XMPP,XMPP
XPath,XPath
XQuery,XQuery
XSD,XSD
XSL,XSL
XSLT,XSLT
Xtend,Xtend
Yii,Yii
YouTube,YouTube
YUI,YUI
Zabbix,Zabbix
Zemax,Zemax
ZEN,ZEN
Zend,Zend
Zenoss,Zenoss
ZigBee,ZigBee
Zuken,Zuken
C.,C#
C..,C++
._net,.net
C.1,C
