index,value
1,bpm aris
1,enterprise architect
1,enterprise architect tool
1,enterprise analysis
1,solution assessment & validation
1,planning & monitoring
1,process/framework/methodology
1,project/program management
1,support services
1,requirements analysis
2,hcm - success factors configuration
2,payroll  & legal reporting
2,benefits management
2,organisational management
2,time & attendance
2,global employee management
2,travel management
2,workforce process management
2,employee performance management
2,enterprise compensation management
3,kickstart
3,file systems
3,san
3,win/unix socket programming and basic
3,device drivers
3,tcp/ip
3,clearcase/cvs/pvcs/perforce
3,rtos
3,engine control
3,micro controllors
4,jquery mobile
4,node js
4,twitter bootstrap
4,html5
4,json
4,css
4,angular js
4,css3
4,dojo
4,svg
5,video streaming protocols
5,perl
5,python
5,red hat linux
5,unix shell script
5,c programming
5,c++
5,diab c/c++
5,c
5,vc++
6,hats
6,vse
6,ims-dc
6,z/os
6,bs 2000
6,mainframe - fujitsu - jr supp eng
6,objectstar
6,mainframe-assembler - jd
6,assembler
6,mainframe-cobol  - jd
7,mainframe-natural/adabas - jd
7,mainframe - bs 2000 - sd
7,mainframe - tl
7,ca7
7,easytrieve
7,mainframe-cobol - sd
7,mainframe - stl
7,mainframe-cobol - sr supp eng
7,mainframe - cobol - jr supp eng
7,rexx
8,plateau lms
8,informatica
8,cognos
8,dw & bi
8,oracle bi
8,datastage
8,microstrategy
8,qlikview
8,hyperion
8,teradata
9,umts
9,lte
9,2g
9,w-cdma
9,hspa
9,ran
9,lte advanced
9,evolved packet core
9,3g
9,cdma
10,h.264
10,mp3
10,codecs
10,dsp assembly
10,audio driver
10,embedded linux
10,rtos others
10,network driver
10,bsp
10,io driver
11,iso 26262
12,java - tech manager
12,java - sr supp eng
12,java/j2ee
12,servlets
12,weblogic
12,ejb
12,swing
12,j2ee
12,jaspersoft
12,j2ee/jms
13,vax- cobol - jd
13,mainframe - db specialist sr.
14,extreme programming
14,x86
14,pascal
14,bourne shell
14,c shell
14,postscript
14,cross platform development
14,fortran
14,printer command language
14,adobe acrobat
15,mastercam
15,gd & t
15,ug
15,asme y 14.5
15,intralink
15,solid works
15,plastic product
15,value engineering
15,team center
15,proe
16,arinc
16,structural coverage analysis
16,dimensions rm
16,code composer studio
16,doors
16,flight management system
16,structural/white box testing
16,ibm rational test
16,embedded device testing
16,microprocessors
17,adobe cq5
17,ui extjs
17,xml
17,google web toolkit
17,java script
17,mysql
17,javascript
17,web services
17,html
17,ajax
18,ohsas
19,mainframe-assembler - jr supp eng
19,vsam
19,mvs
19,pl1
19,natural adabas
19,idms
19,ibm system z10
19,cobol
19,cics
19,mainframe - tm
20,opics
21,amtoss
21,jmtoss
21,quicksilver
21,asd-ste100
21,aecma s1000d
21,mtoss
21,isodraw
21,ata100
21,ata ispec2200
21,ultraxml
22,matlab
22,can
22,keil uvision ide
22,ccs
22,iar workbench
22,display driver
22,motor control driver
22,atmel
22,uart
22,arm
23,analog board
23,mixed circuit signal
23,signal integrity/ emi
23,rf
23,high speed design
23,digital board
23,emi / emc
23,analog
23,digital
23,cadence orcad
24,reliasoft - blocksim
24,isograph
24,itemsoft - fta
24,reliasoft - altapro
24,fire hazard analysis
24,zonal safety analysis(zsa)
24,common mode analysis(cma)
24,msg - 3 maintainability analysis
24,reliasoft - mpc3
24,relex - fault tree analysis (fta)
25,hyrdaulics
26,spec
26,atsc
26,dvb
26,isdb
26,mheg
26,conditional access cas/cam standards
26,perforce
26,bugzilla
26,rally
26,clearquest
27,oracle exa
27,ibm db2
27,big database
27,ms sql
27,sap
27,oracle fusion apps
27,postgre
27,vms
27,custom apps
27,web server
28,enterprise report writing (erw)
28,power forms
28,one worldxe
28,object management workbench (omw)
28,enterpriseone
28,worldsoft
28,technical
29,attract & retain customers
29,marketing and sales support
29,"sales of products, content & services"
29,marketing
29,content creation
29,advertising sales
29,content to publication
29,service
29,content delivery
29,business communication management
30,marimba
30,electronics software distrbution
30,application and desktop virtualization
30,directory services
30,windows 2000 operating system
30,windows nt operating system
30,datacenter consultant
30,compute infra
30,dc onsite support
30,file and print
31,symantac
31,ca
31,commvault
31,virtual tape library
31,hp
31,ibm
31,netapp
31,cisco
31,emc
31,dell
32,supply chain execution
32,merchandise lifecycle
32,order-to-cash
32,store & multi-channel
32,procure-to-pay
32,order fulfillment
32,warehousing
32,demand & supply planning
32,capital markets
32,bank management
33,batch operation tools
33,software logistics
33,sap upgrade and unicode
33,performance tuning
33,operating systems
33,high-availability hr & dr
33,system migration
33,sap software senerios
33,system monitoring
33,solution manager
34,open cms
34,angularjs
34,cascading style sheets (css)
34,jquery
34,bootstrap.js
34,javascript mvc
34,ui bootsrap
34,ui backbone.js
34,mongodb
34,react.js
35,asp.net using vb.net - sd
35,c# - tl
35,asp.net using c# - sd
35,asp.net mvc using c# - sd
35,telerik
35,windows communication foundation
35,asp.net mvc using c#  - sr supp eng
35,ado.net
35,asp.net mvc
35,winforms
36,manhattan wms
37,mainframe testing
37,pre production testing
37,functional - tester  senior
37,functional - test lead
37,cross browser testing
37,accessability testing
37,localization
37,mobile app testing
37,functional testing
37,test case design
38,upstream
39,oracle fusion middleware
39,oracle bpm
39,esb
39,oracle service bus
39,appian bpm
39,soa
39,bpel
39,oracle adf
39,ibm websphere & edi
39,middleware & soa
40,easygui
40,fedora
40,qt
40,cpp unit
40,gdb
40,doxygen
40,clearcase
40,source insight 3.0
40,codecollaborator
40,ubuntu
41,arinc664
42,voip
42,networking & communication
42,snmp
42,telecom & networking product
42,sip
42,telecom
42,gsm
42,ss7 signalling
42,tcl
42,"ipv4,6"
43,reliablity analysis - fmea
43,product enviornmental validation
43,product emi / emc / esd validation
43,emi/emc design
43,design for testablity (dft)
43,pcb gerber review & analysis
43,adc / dac / codec circuits
43,inteface design
43,power analysis
43,on board power supply
44,upk
44,hrms
44,enterprise portal
44,reporting
44,ps security
44,xmlp
44,integration broker
44,sqr
44,component interface
44,query manager
45,bus. process-mining
45,sales strategy
45,sales management
45,market research
45,marketing strategy
45,intrapreneurship
45,logistics management
45,"admin vendors (canteen, security etc.)"
45,hr
45,operations analytics
46,exfat
46,aec
47,employee self service
47,manager self service
47,nakisa
47,succession planning
47,administrator self services
47,e-recruiting
47,interactive forms
47,hcm - success factors overview
47,environment health and safety
47,success factor
48,rabbitmq
48,rest
48,soap
48,mule esb
48,maven
48,junit
48,jboss
48,tomcat
48,jpa
48,websphere
49,soa testing
49,"non func. (eg.performance, load, stress)"
49,security testing
49,system testing
49,compatibility testing
49,component testing
49,dataconversion testing
49,qc/qtp
49,black box testing
49,integration testing
50,windows media drm
50,netstream player
51,msdn ultimate
51,mtm
51,visual studio
51,visual basic
51,vbscript
51,windows power shell
51,windows
51,c#
51,vb.net
51,microsoft technologies
52,policy administration
52,insurance business services
52,claims
52,reinsurance
52,underwriting
52,patient management
52,business analytics
52,"billing, invoicing & presentment"
52,it strategy
52,pmp
53,itko lisa service virtualization
54,ibm system 10
55,visualvm
56,ls-dyna
56,abaqus
56,hyperworks
56,hypermesh
56,comsol
56,ansys
56,icepak
56,catia
56,windchill
56,autocad
57,adobe flex
57,e-commerce
57,web technologies
57,ui and web
57,xsl
57,oracle
57,android application development
57,cloud computing
57,pl/sql
57,documentum
58,board bringup & debug
58,pspice
58,component engineering
58,logic compatibility
58,low power mosfet / transistor circuits
58,orcad-schematics
58,test/interface/uc  board design
58,amplifier / opamps
58,component selection
58,spice analysis
59,ibm watson
60,vhdl
60,verilog
60,fpga
60,ovm/uvm
60,vcs-mx
60,systemverilog
60,shell
60,jpeg
60,code coverage
60,functional simulation
61,integrated system
61,others-aomw
61,content management
61,application server
61,message-oriented middleware
61,integration server
61,software service
62,japanese
62,quality management
62,human resource management
62,integration management
62,communications management
62,scope management
62,time management
62,risk management
62,cost management
62,project analytics
63,professional-service delivery
63,integrated service delivery (isd)/(msd)
63,single service delivery - application
63,project management - prog mgr
63,sales & marketing
63,pmo set up and operations
63,project and portfolio management
63,it governance
63,resource management
63,single service delivery - business serv
64,pmstep
64,project billing
64,project contract
64,procurement management
64,project management - sdm
64,six sigma
64,project budget management
64,product supply
64,quality
64,agile
65,hp quality center (test director)
65,functional - tester  junior
65,automation testing
65,testlink
65,testing anywhere
65,selenium
65,soapui pro
65,unit testing
65,testcompelte
65,silktest
66,expense provisioning
66,collection management
66,direct tax
66,vendor accounting
66,indirect tax
66,capitalization/decapitalization
66,accounts receivables
66,revenue recognition
66,banking
66,cash management
67,virtualization
67,vmware
67,active directory
67,ccna
67,routers
67,lan/wan/man
67,dns
67,information system security/firewalls
67,cisco-data
67,switches
68,autonomy interwoven
68,filenet (ibm)
68,ecm
68,tibco
68,webmethods
68,portals
68,lotus notes
68,unix
68,sybase
68,coldfusion
69,strategic services offering
69,research
69,customer service
69,behavioral assessment
69,operations management
69,voice and accent
69,teamwork
69,work force management
69,basics of banking
69,performance management
70,"voltage vector control (vvc,vvc+)"
71,montavista linux
71,ethernetip
71,oam
71,cli
71,nfs
71,wireshark
71,tcpdump
71,802.11x
71,tcp
71,ipsec
72,nas admin
72,storage san/nas
72,veritas net backup/backup exec
72,backup recovery & media services
72,anti-virus
72,exchange server
72,ms virtual server
72,arcserve
72,emc networker
72,windows ad
73,mpeg
73,video codec
73,audio codec
73,vxworks
73,device drivers - linux
73,linux kernel
73,embedded
73,unix kernel
73,firmware
73,compilers
74,capital market
75,integrity
75,green hills
75,ghs multi
75,jtag probe
75,multi
75,diagnostics
75,lauterbach with trace32 ide
75,lauterbach
75,code warrior ide
75,qnx
76,hortonworks
76,apache ambari
76,cloudera manager
76,apache phoenix
76,hdfs
76,yarn
76,apache storm
76,apache spark
76,r statistical package
76,kafka
77,intelligent printer data stream
77,dtrace scripts
77,oce prisma - workflow management
77,printer job language
77,docushare
77,project mgmnt
77,sysaid
77,program & project management
77,image quality testing
77,custom simulators
78,gujarati
78,test tools
78,testing - functional testing
78,change & release management
78,test strategy development
78,test execution management
78,pmo - planning tools & methods
78,project management office (pmo)
78,commercial management experience
78,professional accreditation
79,fossil
79,off highway equipments
79,chassis systems
79,engines
79,powertrain & fuel systems
79,body in white (biw)
79,hvac system
79,solid edge
79,unigraphics nx
79,industrial products
80,automated test equipment (ate)
80,labview
80,matlab/simulink
80,test equipment
80,component
80,laboratory equipments
80,reverse engineering
80,consumer electronics
80,hand held devices
80,product design
81,macroscope 4.5
82,remote desktop support
82,desk side services
82,touch services
82,enterprise mobility
82,image management
82,instant messaging
82,microsoft
82,google apps
82,o365
82,end point management
83,morph  x++
83,morph x
83,axapta
83,trade and logistics
83,application integration framework (aif)
84,associate business manager
84,elicitation
84,risk and compliance
84,consumer lending & mortgages
84,channels & channel integration
84,savings & investment
84,trade finance
84,payments and cards
84,cash & liquidity management
84,financing
85,thinking on your feet
85,analysts
85,legal
85,vendor management
85,electrical maintenance management
85,statutory compliances
85,learning partners
85,asia-pacific
85,pricing
85,performance reporting
86,modulation techniques
87,administration - sharepoint
87,civil maintenance management
87,infrastructure suppliers
87,pbax system
87,budgeting
87,fleet management
87,ca iss
87,customer service management
87,end-user service delivery
87,workforce trends
88,usability testing
88,mobile - tester  senior
88,performance testing
88,internationalization
88,qa director
88,operation acceptance testing
88,environmental and durability testing
88,functional - test manager
88,dwh testing
88,data warehouse - tester  senior
89,programme management services
89,pmo - radio
89,enterprise performance management
89,workforce scheduling
89,legislation / regulatory
89,ppm
89,plm - general
89,imro (v6.x)
89,benefits
89,general industry experience
90,javamail
90,jndi
90,spring security
90,weblogic - sd
90,spring batch
90,websphere - sd
90,java web - sd
90,java - tl
90,java - sd
90,java server faces (jsf)
91,mes
91,materials management
91,general logistics
91,warehouse management
91,logistics
91,logistics execution
91,qm
91,production planning erp
91,pp- planning
91,process manufacturing - pi
92,cross application timesheet (cats)
92,project system
92,real estate management
92,investment management
92,logistics integration
92,other
92,controlling
92,financial accounting
92,fscm
92,financial master data management
93,self service
93,discoverer
93,oaf
93,alerts
93,work flow
93,install base
93,adi
93,dataloader
93,xml publisher
93,scm
94,async fifo
94,sync fifo
94,clock synchronizers
94,decoders
94,encoders
94,sram
94,crc
94,clock & reset
94,mbist
94,wishbone
95,duckcreek  - claimcenter
96,global support management
96,sales
96,global account management
96,helpdesk
96,lotus domino
96,ms exchange
96,itil
96,asset management
96,integrated command center - cc ops
96,program management
97,autodesk inventor
97,wafer handlers
97,fmea
97,solidworks
97,teamcenter
97,refrigeration/freezers
97,surgical instruments
97,sterilization
97,orthopedics
97,urology device
98,employees
98,thinking on the feet
98,typing skills
98,intraprenuership
98,people strategy
98,website designing
98,financial analyst
98,talent supply partners
98,team work
98,supply chain visibility
99,solution architecture consulting
99,togaf
99,bus. process-travel & logistics services
99,master data management
99,data oriented systems design
99,crm
99,object oriented system design
99,open source
99,structured systems analysis & design
99,design & development
100,reports
100,eim
100,configuration
100,eai
100,erp
100,basis
100,small talk
100,business objects\crystal reports
100,vb/sql
100,cmmi
101,network remote monitoring
101,network data
101,sys integration/prof service
101,security technology platform
101,managed security services
101,consulting service
102,ion implantation and cleaning and curing
102,pdms
102,frames & structures
102,one space designer
102,power distribution box
102,antenna and base station enclosure
102,dfx
102,i-deas
102,inventor
102,part modeling
103,failure modes & effects anlysis(fmea/fm)
103,minitab
103,product development
103,reliability engineering
103,design of experiments(doe)
103,critical parameter management (cpm)
103,measurement system analysis(msa)
103,mechanical/mechanical hardware
103,failure reporting and corrective action
103,manufacturing execution
104,apache activemq
104,activemq
104,jax-ws
104,jms
104,jaxb
104,jersey
104,mockit
104,velocity
104,checkstyle
104,pmd
105,prizm (portfolio optimization tool)
106,product development & collaboration
106,product lifecycle management
106,time-to-market
106,go-to-market
106,after sales support
106,decision trees
106,soldering
106,digital photography
106,reliability growth testing (rgt)
106,print/copy image quality analysis
107,digital content management
107,web analytics
107,"web trends,google analytics,core metrics"
107,adobe site catalyst (omniture)
108,mobility
108,technical testing
108,sap master data governance (mdg)
108,sap master data management (mdm)
108,pmo - planning analysis
108,interpersonal skills
108,planning tools
108,pmo - contract cr management
108,change impact analysis
108,role mapping
109,hp cm
109,biztalk
109,msmq
109,com
109,delphi
109,dcom
109,atl
109,informix
109,erwin
109,powerbuilder
110,surgical disposables
110,cardiovascular
110,dental implants
110,creo
110,cad
110,3d modeling
110,sheet metal
110,apriori
110,atms
110,moldflow
111,electronic data interchange
111,remedy
111,microsoft office suite
111,hp service manager
111,diversified - sr supp eng
111,pqa
111,dpa
111,oms
111,functional
111,transportation management
112,bootloader
112,uboot
112,touch interface
112,connectivity driver
112,usb
112,arm 9 assembly
112,ti
112,freescale
112,power & temperature mgt
112,fat32
113,teraterm
113,winscp
113,putty
113,cvs
113,tortoise
113,git
113,staruml
113,wincvs
113,centos
113,virtual box
114,innovation and research
115,hcm - performance management
115,hr abap
115,adobe forms
115,web dynpro
115,nw gateway and odata
115,abap foundation
115,crm-abap
115,oo-abap
115,abap ricef
115,data & development
116,asset
116,x-analysis
116,hawkeye
116,ile-cl
116,cl
116,systemi
116,synon
116,rpg
116,ile-rpg
116,iseries-cobol
117,net weaver
117,vignette - open text
117,bea
117,ilog
117,jcaps
117,oracle ucm
117,oracle webcenter
117,iplanet
117,dev2000
117,proc
118,billing of energy transmission services
118,billing of energy / water & services
118,selling of energy / water & services
118,meter reading services
118,customer financials management
118,learning / training management
118,core hr
118,talent management
118,packaged apps
118,compensation
119,nessus
119,retina
120,powerpc
120,software system architecture
120,"basics-(analog,digital,transistor,ff)"
120,"adv electronics-ttl,cmos,volt/current"
120,rt linux
120,storage driver
120,intel
120,pc-lint
120,qac
120,arm 9 assembly programming
121,saber
121,consolidation
121,mainframe-tandem - jd
121,mainframe-tandem - jr supp eng
121,passion for work excellence
121,people magician
121,customer orientation
121,microsoft fast
121,solution mindset
121,cross cultural competence
122,qf test tool
123,oracle essbase
123,oracle drm
123,oracle data integrator
123,obiee
123,teradata database
123,abinitio
123,control m
123,business objects xi
123,tableau
123,oracle pl/sql
124,jmp
125,hp service test
125,automation - tester  senior
125,automation - test lead
125,automation - tester  junior
125,tosca (tricentis)
125,ui automation framework
125,seetest
125,jmeter
125,performance - tester  junior
125,mobile - tester  junior
126,artist management
126,digital distribution
126,content planning
126,planning
126,release management
126,regression
126,hp openview
126,frame maker/sgml
126,technical publications
126,compliance & safety
127,agility 2g (telestream)
128,ltp
128,genivi
129,user experience (ux/ui)
129,additional abap development tools
129,"module specific programming (is, scm etc"
129,abap objects (object oriented programmin
129,workflows
129,enhancements and modifications
129,abap fundamentals
129,forms
129,abap reports
129,abap web dynpro
130,documentum dam
131,vpn
131,lan achitecture
131,hubs
131,nw wiring
131,frame relay
131,e1 t1
131,wap
131,is-is
131,ethernet
131,smtp
132,maintenance object
133,sap-fico
133,public sector
133,fica
133,cc-ci
134,data correlation and yield improvement
134,wafer
134,pattern wafer
134,win32
134,mfc
134,stl
134,windbg
134,windows sdk
134,vc++/mfc
134,instal shield
135,engineering change management
135,bill of materials
135,printers
135,production planning
135,process manufacturing
135,product costing
135,drawing
135,2d sketching
135,top down design
135,pdmlink
136,redprairie warehouse management
136,hp exstream dialogue
136,diversified - supp eng
136,pega
136,case360-open text
136,ibm sterling commerce
136,starteam
136,thunderhead now
136,websphere commerce suite
136,global360-case360
137,database administration
137,basis adminstrator
137,netweaver basis admn l1 support
137,certification
137,cloud
137,databases
137,sap software components
137,scripting
137,systems software
137,collaboration
138,parameter optimization
138,monochrome rendering
138,color engineering
138,color rendering
138,compression
138,color science
138,computer graphic artifacts
138,customized algorithms
138,linear algebra
138,interpolation
139,mm
139,gnu
139,winrunner
139,loadrunner
139,qapartner
139,regression testing
139,user acceptance testing
139,confirmance testing
139,test pattern development
139,aptest
140,controllers
140,jtag
140,ddr2
140,sdram
140,nand/nor flash
140,eeprom
140,ddr
140,ddr3
140,usb2.0
140,gpio
141,ms vss
141,pvcs
141,rational
141,rtc
141,ibm rhapsody
141,source in sight
141,tornado
141,coverity
141,klockwork
141,gerrit
142,eclipse
142,groovy
142,postgres
142,oracle 11g
142,oracle 10g
142,design patterns
142,apache
142,soap/rest/webservices
142,windows 7
142,sonar
143,tm planner
143,test master
143,test catalog
143,testcomplete
143,rational test manager(rational robot)
143,aptest / magen / newrel
143,code ui
143,qtp
143,qc
143,qualitycenter
144,ms
144,son
144,carrier aggregation
144,3g development
144,wireless networking
145,hp trim
145,asp.net mvc using c# - jd
145,asp.net using c# - jd
145,.net framework
145,asp.net using c#  - sr supp eng
145,sitecore
145,dot net cms
145,ms dynamics crm
145,winforms using c# - sd
145,team foundation server (tfs)
146,infrastructure apps
146,dc virtualization (x64)
146,windows operating system
146,desktop and application virtualisation
146,novell netware
146,platforms
146,cloud services
146,converged infra
146,public cloud
146,cloud automation
147,sql server - sr supp eng
147,sql server - jr supp eng
147,asp
147,.net
147,windows presentation foundation (wpf)
147,asp.net
147,silverlight
147,sql server
147,sql server reporting (ssrs)
147,windows azure
148,sap netweaver portal
148,sap-ep
148,migration - data management
148,migration - sap user interface
148,sap user interface
149,select architect
150,ca service desk manager
151,sap fico
152,project portfolio management
152,manufacturing
152,distribution
152,edi
152,fusion middleware
152,finance
152,forms & reports
152,wms
152,inventory and warehouse management
152,procurement
153,ms project
153,pmsmart
153,tqm
153,hpmp
153,as 9000
153,iso27001
153,iso13485
153,tl9000
153,pcmm
153,compliance audit
154,pcb electrical constrain setting
154,high speed pcb design practices
154,component placement
154,pcb board outline /cut out / shapping
154,pcb mechancal constrain setting
154,pcb board layout / routing
154,power electronics pcb design practices
154,analog electronics pcb design practices
154,pcb gerber creation
154,protection circuit
155,secsim pro+
156,iec 60601-2-18 -endoscopic equipment
156,campus community
156,ac current control
156,led and solar
156,mppt tracking
156,pid/control algorithms
156,inverter
157,oracle-edi
157,dba
157,trackwise
157,pipeline pilot
157,argus safety
157,eln
157,microsoft bi
157,mediation
157,actuate
157,vms cobol
158,win8
158,ui automation
158,jira
158,ruby
158,visual test
158,svn
158,uml
158,hudson
158,jenkins
158,java
159,tibco business events (be)
159,tibco hawk
159,tibco business connect
159,tibco active matrix
159,tibco iprocess
159,tibco active matrix (amx) bpm
159,tibco managed file transfer
159,tibco enterprise message server (ems)
159,tibco amx - service grid
159,tibco business works
160,icss image
160,responsive web design (rwd)
160,web client - sd
160,d3.js
160,ui design & dev - tl
160,ui design & dev - sd
160,wordpress
160,adobe dreamweaver
160,joomla
160,cakephp
161,sharepoint
161,ms sharepoint
161,product manager
161,service line manager
161,pre-sales
161,dqa
161,partner management
161,service integration & management (siam)
161,transformation management
161,it process engineering
162,vagrant
162,chef
162,ansible
162,docker
162,ca release automation manager
162,puppet
162,scm - senior consultant
162,ibm udeploy
162,devops
163,ems platform
163,nms platform
163,capman
164,"media, publishing & entertainment"
165,rhinoceros
165,hypershot
166,sata
166,nvme
166,nas
166,switched fc
166,scsi
166,iscsi
166,cifs
166,storage virtualization
166,fcoe
166,kvm
167,occupant safety
167,steering systems
167,braking systems
167,perfect costing
167,building information modeling
167,coreldraw
167,3dvia composer
167,smarteam
167,hvac
167,enovia
168,java services - sd
168,java swing - sd
168,jasper reports
168,ibatis
168,struts
168,websphere portal
168,tapestry
168,drools
168,java - stl
168,liferay
169,ipbx
169,ivr
169,sdp
169,rtcp
169,rtp
169,mgcp
169,g.7xx
169,h.323
170,actionscript
170,adobe flash
170,adobe photoshop
170,abode photoshop
170,macromedia flash
170,drupal
170,php
170,cgi
170,apache web server
170,http
171,visible measures:omniture
171,soapui
171,sql developer
171,soap ui
171,emma
171,netbeans
171,intellij
171,apache ant
171,ibm rad
171,gwt
172,nhibernate
172,wcf
172,.net web forms
172,mvc
172,fxcop
172,.net win forms
172,wpf
172,azure
172,team foundation server
172,visual studio .net
173,instrument clusters
173,dsp sw
173,fluent
173,symbian
173,wince
173,ddk
173,bios/bsp
173,psos
173,pstn
173,memory and stack analysis
174,final cut pro
174,adobe creative suite 5.0
174,balsamiq
174,adobe illustrator
174,adobe indesign
174,corel draw
174,axure
175,opensoc
176,stress and composition
177,winforms using vb.net - jd
177,wpf  using c# - jd
177,winforms using c# - jd
177,asp.net using vb.net - jd
177,core developer using c# - jd
177,c# - stl
177,xaml
177,wpf  using c# - sd
177,vsto
177,nunit
178,oracle crm testing
178,etrm usage
178,rice components
178,biz objects
178,markview
178,oracle fusion financials
178,xml gateway
178,constellar
179,sql server - sd
179,sql server integration services (ssis)
179,sql server - tl
179,sql server analysis services (ssas)
179,cosmos
179,mdx
179,sql server - stl
179,tableu
180,fault ride through
181,web client - tl
181,redux
182,pathfinder
182,ibmi
182,webtop
183,fracas
183,fta
183,rga
183,rbd
183,alta pro
184,migration - mobile
184,hana cloud platform
184,application platform
185,ovm
185,uvm
185,functional coverage
185,gate level simulation
185,asic
185,amba
185,questasim
185,modelsim
185,soc
185,altera quartusii
186,tebis
186,progress
186,applets
186,rmi
186,streamserve
186,fatwire
186,j2me
186,iphone application development
186,voice xml
186,ibm cm
187,technical upgrade
187,offshore parallel run
187,offshore transition planning
187,release
187,knowledge transfer
187,onsite transition
187,deployment
187,process development
187,testing
187,due diligence & planning
188,mongo db
188,cassandra
188,jboss esb
188,elastic search
188,splunk
188,jsp
188,spring mvc
188,jbpm
188,osgi
188,store launches
189,procurement for public sector
190,cobol 400
190,as400 - synon
190,iseries-rpg - sr supp eng
190,iseries - rpg - jr supp eng
190,mid-range system
190,synon/cool2e
190,as400 - cl/400
190,cics 400
190,as400
190,as400 - rpg400
191,ilog rules
191,oracle toplink
191,saml
191,java - track lead
191,ant scripts/xml
191,ebao
191,apache wicket
191,java me
191,java web - sr supp eng
191,mule3
192,e3 cable harness designer
192,electrical panel wiring technology
192,wiring harness technology
192,design for assembly (dfa)
192,product electrical safety validation
192,product reliablity validation
192,design for manufacturablity (dfm)
192,grounding & shielding
192,power supply ( dc-dc& ac-dc)
192,power architecture
193,innovate/research - solution architect
193,amadeus
193,revenue management
193,budget management
193,financial policies
193,financial analytics
193,expense management
193,revenue reporting
193,invoice management
193,inventory management
194,algorithms
194,computer vision
194,medical imaging
194,image scanning
194,pdf
194,accurev
194,ps
194,numerical algorithms
194,clear quest
194,requisite pro
195,datamodeling
195,trillium data quality
195,ibm infosphere
195,netezza
195,talend
195,pentaho
195,nosql
195,toad
195,oracle sql developer data modeler
195,diversified skills - tech lead
196,order management
196,change management
196,solutioning
196,program & project management (ppm)
196,contract management
196,legal requirements
196,enterprise asset management (eam)
196,deal evaluation
196,alliance management
196,multi-channel sourcing
197,adobe lifecycle designer
198,magicdraw
198,cross compiler
199,auto-trol
199,arbortext editor
199,s1000dv4.1
199,asd-ste-100
199,s1000dv4.0.1
199,framemaker
199,arbortext isodraw
200,ibm content manager
200,hybris
200,hibernate
200,jdbc
200,spring
200,quartz scheduler
200,adobe aem
200,java web - jd
200,java - jd
200,java - jr supp eng
201,other messaging services
201,search tools
201,user experience management
201,user profiling assessment
201,ms visio
201,it architecture
201,system support
201,iso 14000
201,application packaging
202,fortify
203,i-crm
204,oracle rmb - banking
204,oracle - sr supp eng
204,oracle - sd
204,unix - sr supp eng
204,itrs geneos
204,unix - jr supp eng
204,oracle - jr supp eng
204,c - sr supp eng
204,autosys
204,unix - tl
205,ls dyna
206,sr app & int architect - java opn src
207,fit
208,mdsb
209,pads-power pcb
209,altium pcb
209,orcad-layout
209,allegro pcb
209,mentor dx designer
209,concept hdl
209,mentor hyperlynx
209,si analysis
209,memory interface - sdr/ddr/qdr
209,decap analysis
210,optics
211,ims
211,custom statement formatter
211,jcl
211,db2
211,mainframe - sr tech mgr
211,ca software change manager
211,tpf
211,tandem
211,mainframe - enterprise architect
211,mainframe- fujitu - jd
212,production
213,local entity management
214,s2o analysis
214,ccdc analysis
214,air management system
214,raincode
214,wcet analysis
214,integrated modular avoinics
214,mil-std-1553
214,cockpit display system
214,flight control system
214,eicas
215,erlang
215,zeromq
215,xmpp
216,odb2
217,software configuration management
217,rational rose
217,cruise control
217,confluence
217,agile standards
217,rational team concert
217,graph theoretic techniques
217,suse linux
217,regular expressions
217,servicenow
218,novell virtualization
218,proxy services
218,indentity management
218,cfs product management
218,talent manager
218,telcom deployment
218,network
218,cisco-voice
218,network advance services
218,telecom switching
219,construct 2
220,power supply
220,power electronics hardware
220,mixed singal circuit design
220,timing analysis
220,cadence allergo
220,hardware dvt
220,cadence concept hdl
220,mentor graphics
220,system requirements management
220,hardware & asic
221,spirent
221,agileent
221,ixia
221,ipv6
221,ppp
221,acl
221,pim
221,l2 vpn
221,rip
221,isis
222,time and labor
222,payroll/global payroll
222,self services(employee&manager services)
222,leave / absence management
222,north american payroll
223,sparx ea
223,troux
223,process consultant
224,uc application
224,ui
224,network management system
224,element management system
224,nms
224,ana
224,atg dynamo
224,customization of stores
224,hadoop
224,tacton cpq
225,blackberry (rim)
225,opensource
225,android sdk
225,sql lite
225,android ndk
225,android
225,ios
225,cross platform
225,cordova
225,xcode
226,polopoly
226,intershop
226,apache solr
226,xslt
226,teamcity
226,amazon web services (aws)
226,solr search engine
226,jdeveloper
226,mq series
226,web sphere odm
227,cloudera
227,sqoop
227,flume
227,oozie
227,hbase
227,pig
227,spark
227,hive
227,scala
227,hadoop map reduce
228,acme
228,udp
228,dhcp
228,layer 2/3 protocol
228,ospf
228,routing
228,mpls
228,bgp
228,atm
228,ftp
229,pbr
229,l3vpn
229,eigrp
229,rstp
229,mstp
229,radius
229,vlan
229,aaa
229,telnet
229,nat
230,unix - sr. tech architect
230,oracle - track lead
230,mantas
230,retail & distribution
230,supply chain information system
230,tivoli work scheduler
230,diversified - track lead
230,custody services
230,sas
230,it system vendors
231,sap certified development professional
231,apo-abap
231,floor plan manager
231,fiori
231,development
231,business process management
231,s/4 for hana
231,malaysian
231,mandarin
231,cantonese
232,verilog / vhdl / abel
232,digital cirucit architecure
232,processor/dsp/fpga/asic/soc based design
232,analog circuit architecture
232,reliablity analysis - mtbf
232,worst case circuit analysis
232,filter design
232,measurement circuits
232,inverters / ac-dc / dc-dc
232,component stress analysis
233,position feedback [lvdt/rvdt]
233,rtrt
233,"aileron,elevator,rudder"
233,primary flight display (pfd)
233,extension and retraction system (ers)
233,ldra
233,scade
233,secondarypowerdistribution system (spds)
233,arinc 429
233,"flaps,slats,stabilizer,spoilers"
234,interest rate portfolio simulation
235,hql
235,free marker template library(ftl)
235,thymeleaf
235,apachetiles
235,core swt
235,jboss - sd
235,apache cxf
235,activity bpm
235,lucene/ solr
235,ibm rational business developer
236,arrow
237,verocode
238,cross-cultural competence
239,gprs
239,mobility solutions
239,linux
239,systems internal & storage
239,security architect
239,aix
239,linux clusters
239,vms unix
239,solaris jumpstart
239,software field data analysis
240,cxxtest
240,cppunit
240,imposition
240,printer driver
240,pcl
240,xps
240,printing devices
240,assembly
240,mks integrity
240,device drivers - windows
241,magneto
241,smarty
241,sugarcrm
241,zend framework
241,magento ecommerce platform
242,spanish
242,french
242,german
242,english
242,professional qualification
242,sap industry solutions
242,go live & support
242,realization
242,module support
242,template implementation
243,dhtmlx
243,backbone
243,extjs
243,pagespeed
243,flex
243,yslow
243,ruby on rails
243,solr
243,xquery
243,jmx
244,mdd
244,fda qsr
244,510(k)
244,21cfr part 820-quality system regulation
244,iec 14971-risk mgmt for medical devices
244,iec 60601-1
244,medical - iso13485 process
245,mh wm iseries
245,iseries-rpg - jd
245,iseries-rpg - sd
245,iseries - tl
245,iseries - stl
245,iseries-cobol - jr supp eng
245,iseries-cobol - sr supp eng
245,iseries-synon - jr supp eng
245,iseries-cobol - sd
245,iseries-synon  - sd
246,gear theory & design
246,casre - computer aided software reliabil
246,master minimum equipment list (mmel)
246,industry machinery & components
246,industrial manufacturing
246,preliminary system safety assessment(pss
246,maintainability analysis
246,functional hazard analysis(fha)
246,attract audiences
246,blueprint
247,virtualisation
247,storage hardware
247,networking
247,server hardware
247,3rd party add-on
247,architecture & design -
247,output management
247,infrastructure security
247,technical project management
247,data
248,fuel management system (fms)
249,sourcing & procurement
249,sales execution
249,marketing & sales
249,transportation
249,requirements management
249,government programs
249,product management
249,digital marketing
249,product/services branding
249,demand management
250,sms
251,oracle - tester  junior
251,data warehouse - tester  junior
251,sap - tester  junior
251,testing - tester beginner
252,ibm websphere operational decision manag
253,windows kernel
254,learning content
254,communication content
254,communication plan
254,middle management
254,media partners
254,europe
254,employment policies
254,emea
254,lateral
254,organization structure
255,nim server
255,ibm hacmp
255,ibm aix
255,tru 64
255,hp unix
255,sun solaris
255,tivoli storage manager
256,software asset management
257,avaya interaction center
257,nice engage platform
258,downstream - distribution
258,sd - sales functions
258,sd - sales scenarios
258,billing
258,sales and distribution
258,migration to hana
258,greek
258,ehs
259,financial services
259,senior management
259,benefits structure
259,americas
259,compensation structure
259,cxo
260,review board
260,collaborator
260,solaris
260,bsd unix
260,lua
260,suse
260,hindi
260,gcov
260,pro*c
260,display
261,i2c
261,modbus
261,mplab
261,microchip
261,spi
261,canalyzer
261,autosar
261,capl scripting
261,j1939
261,canoe
262,pbb
262,tacacs
262,firewall
262,ipv4
262,https
262,eap
262,sonet/sdh
262,rmon
262,fr
262,ips
263,dazel - hpos
264,telelogic synergy
264,ada
264,avionics networks/afdx
264,do 178b
264,generator control system (gcs)
264,ada 83/95
264,ghs multi ide
264,c unit
264,vectorcast
264,rbt
265,mainframe - db specialist
265,egl
265,mainframe-pl1 - jd
265,mainframe-cobol - jr supp eng
265,mainframe - dba
265,ca-datacom
265,mainframe-ideal/datacom - sd
266,competition research
266,industry landscape
266,strategy development
266,marketing collaterals
266,targeting and positioning
266,lead generation
266,product sales
266,brand
266,single service delivery - cio facing
266,deal management
267,iso buster
267,leed
267,hp - ux
268,sensors
268,zigbee
268,motor control
269,software hazard analysis
269,software reliability
269,code warrior
269,jtag technologies
269,electrical system
269,in-flight entertainment system
269,landing gear and braking system
269,flight testing
270,system audit
270,policy & process audit
270,risk audit
270,policy
270,fixed asset audit
270,supply chain professional
270,services partner
270,international tax
270,legal partners
270,govt policies
271,flight warning system
272,ibm cmod
273,install shield
274,imaging capture
274,kofax
274,hcl ip - isimplify
275,pcie
275,emuation
275,arbiter
275,microblaze
275,xilinx ise
275,rtl coding
275,fpga prototyping
275,avalon
275,post-silicion validation
275,l1/l2 - ethernet
276,student lifecycle management
277,strategic upgrade
277,system consolidation
277,system divestiture
277,functional upgrade
277,blueprinting
277,final preparation
277,transition management
277,runsap
277,citrix gotomeeting
277,delivery excellence
278,audit partner
278,cfr part 820
278,regulatory
278,21 cfr par 11
278,orthopedic implants
278,orthopedic surgical tools
279,stochastic optimization
279,texture compression
280,mpeg-4
281,xui
282,work management interfaces
282,work management
282,plant maintenance
282,imro (v4.x)
282,plm - qm
282,test automation
283,win 7 embedded
283,tyre pressure system (tps)
283,wheel temperature&speedmonitoringsystems
283,auxiliary power systems (aps)
283,engine indication and crewalertingsystem
283,navigation display (nd)
283,electronic flight instrumentation system
283,performance (perf)
283,vertical/lateral navigation system
283,flight planning
284,mainframe-ideal/datacom - jd
285,project management - du head
285,project management - spm (ad)
285,project management - spm (ae)
285,project management - pm (ad)
285,project management - pm (ae)
285,project management - supp mgr
285,project management - engagement manager
285,knowledge management
286,valve control
287,snagit
287,robohelp
287,x-metal author enterprise
287,webworks- epublisher
287,adobe frame maker
287,author it
288,test link
288,hp quality center
288,test manager
288,test management
288,rational performance test
288,rational robot
289,aftermarket sales and service
289,idea-to-product
289,aftermarket support
290,performance - practise consultant
290,performance - tester  senior
290,performance - test lead
290,hp performance center
290,neo load
290,webload
291,shop floor control / management
292,neo4j
293,iec 60601-2-24-infusion pump
294,clarity
294,oracle brm
294,utilities
294,abap
294,sap bi testing
294,sd
294,veeva vault
294,loyalty management
294,recruitment
294,ca itm
295,xib
295,javascript - jr supp eng
295,diversified skills - jd
295,saba lms
295,doc1
295,ibm tivoli identity management
295,vb
295,cast
295,diversified skills - sd
296,lego
296,test ng
296,sikuli
296,robotium
296,see test
297,ddms
297,adb
297,aidl
297,smart watches
298,tensilica
298,ip verification
298,specman
298,usb3.0
298,ius
298,low power design
298,actel
298,dsp
298,do-254
298,lattice diamond
299,approach monitor
299,adatest
300,jda - backend plsql
300,oracle - jr dba
300,oracle - jd
300,others - jr supp eng
300,c - jr supp eng
300,axiom controller view
300,avaloq
300,oracle - tl
301,atf (cisco)
302,micro c os
302,ccs ide
302,iar jlink
302,emwin
302,threadx
302,qac++
302,hmi/mediaapplications/connectivityecu sw
302,imaging algorithms/dsp framework
302,nucleus
302,cpp
303,enterprise commerce product
303,oracle data access
303,log4net
303,wicket
303,birt
303,grails
303,apache felix
303,jboss messaging
303,script.aculo.us
303,memcached
304,flex pcb technology
304,pi analysis
304,hot swap circuit
304,powermanagement/battery operated devices
304,cpld design
304,spice circuit architecture
304,h spice
304,timing designer
304,gc-prevue
304,modularization
305,danish
305,swedish
305,norwegian
305,intercompany data exchange
305,data management
305,indonesian
305,urdu
305,crb - device management
306,midrange - diversified - jd
307,db2 400
308,boundschecker
309,actuarial science
309,resources & supply chain planning
309,life data analysis
309,software metrics analysis
309,workforce analytics
309,compensation administration
309,qcg - practise consultant
309,ca gateway security
309,marketing & business acquisition
309,single service del - enggineering serv.
310,primavera
311,implant and aneal
311,single service delivery - cto facing
311,single service delivery-consulting serv
311,single service delivery - package
311,single service del-system integration
311,human capital management
311,consulting partners
311,fi
311,management accounting
311,finance controlling
312,sr tech architect - java opn sys - 1
313,guidewire - billingcenter
313,guidewire - policycenter
314,network  voice
314,csp2e
315,cam 350
315,mentor expedition
315,zuken cr 5000 pcb
315,pcad pcb
315,motor driver circuit
315,sensor and measurement circuits
315,transformer / inductor / magnetics
315,high voltage pcb design practices
315,signal conditioners&instrumentation ampl
315,battery
316,vdsp++ ide
317,storage-netapp
318,e40&e87-processing & carrier management
318,e94 control job management
318,e84 amhs
318,e90 substrate tracking
319,sonet
319,sdh
319,buffer manager
319,power management
319,bscan
319,fft
319,qdr
319,scheduler
319,srio
319,cpri
320,higher education & reseach
320,research project execution
321,gmake api programming
322,hogan cis
322,hogan umbrella
322,hogan ilp
322,hogan ids
323,employment & aptitude test
324,rad
325,intrinsicsafety-iecexstandards/atex/is94
326,fastr
326,world writer
327,sql server - ta
328,drc
328,calibre
328,ic-compiler
328,gdsii
328,redhawk
328,star-rc-xt
328,pt-px
328,floorplan
328,primetime
328,lec
329,sql server - senior track lead
330,iseries-lansa - jr supp eng
331,market basket analysis
331,cluster analysis
331,segmentation
331,"contrained optimization - linear, non li"
331,anova
332,sap - tester  senior
332,sap - test lead
332,hp bpt
332,sap - test manager
332,sap mm testing
332,sap sd testing
332,sap fico testing
333,enterprise view
334,funds transfer pricing
335,cooling system
335,beam transport
335,process chamber
335,vacuum system
335,pd box
335,gas box
335,cvd reactor
335,elevators
335,power distribution
335,keyshot
336,lansa
337,jda - factory planning and scheduling
338,multiphysics
338,recurdyne
338,recurdyn
339,oracle fusion crm
340,fnos
341,integration framework (ifw)
341,datapower
341,ibm message broker
341,websphere process server
341,ibm websphere integration developer (wid
341,ibm mdm
342,contract lifecycle management
342,supplier relationship management
342,document and simulation
342,ariba
342,clm / ariba
343,supply-to-market
344,c++ - sd
344,summit
344,c++ - tl
344,c++ - stl
345,bizflow
346,sitemesh
347,sterling filegateway
347,sterling gis
348,c - senior track lead
349,scripts
350,mainframe-natural/adabas - jr supp eng
350,record management
351,sailpoint
352,ca-ideal
352,webfocus
352,vax
353,oracle utilities - mdm
354,punjabi
354,sap certified application associate
354,tooling experience
354,downstream - chemicals
355,flot
356,micro focus business rule manager
357,anti-skid system (ass)
357,cantata
357,electrical power generation system(epgs)
357,cabin air conditioning system (cacs)
357,cabin pressure control system (cpcs)
357,wheel well fire detection system(wwfds)
357,integrated cooling system (ics)
357,forward cargo air cooling system (fcacs)
357,emergency braking system (ebs)
357,control system
358,performance - test manager
359,depreciation accounting
359,bank reconciliation
360,cfs support
360,presales
360,reporting & analytics
360,commercial
360,field operations
360,head
360,recurring business
360,itsm platform
360,satcom
361,sap hana
361,sap version upgrade
361,sap fiori
361,sap certified development associate
361,ui5
361,hana
362,oracle clinical
362,lsh
362,life sciences
362,cda
363,cable equity
364,landing gear
365,integration x
365,enfocus switch
366,bait
366,ca hips
366,avaya pbx
366,acd system
366,single service delivery - infra
366,hcl standard operating procedures (sops)
366,liquidity risk and forecasting
366,aspera
366,learning system
366,capwap
367,c# - track lead
367,sharepoint framework
367,microsoft infopath
367,quest - notes migrator for sharepoint
367,nintex
367,metalogix content matrix - sharepoint
367,docave - notes migrator for sharepoint
368,strategic planning
368,content licensing
369,mediawiki
369,distcc
369,tk
370,lotus sametime
370,lotus quickr
371,lslint
372,cmip
372,megaco
372,timesten
373,visualforce
373,veeva crm
373,apex
373,sfdc
374,docsis
374,xdsl
375,motors and drives
376,rational quantify
377,energy capital management
378,hi-tech
379,iec 60601-1-8 - alarm requirement
379,infusion pumps
379,teamcenter-ua
380,ocp
380,power aware simulation
380,i2s
380,verilog-xl
380,mpeg-2
380,vmm
380,mipi
380,design compiler
380,bus bridges
380,prp
381,sap certified solution consultant plm
382,"earthing networks (tn,tt,it)"
383,rhino3d
384,ncover
385,forecasting / planning mrp/mps/drp
386,da
387,opentext-enterprisecontentmanagement
387,ui dojo
388,storage & server
388,citrix xenapp
388,vulnerability assessment
388,ca brightstor
388,system management server (sms)
388,bmc patrol
388,remote desktop connection manager
388,citrix xenserver
389,employment legislations
389,balanced scorecard
389,rewards structure
389,competitor practices
389,m&a due diligence
389,potential customers
389,customers
389,trade forums
389,branding & advertising partners
389,corporate branding
390,ems
390,mib
390,team track
390,tcl /tk
390,ucs
390,autotest
390,wan acceleration
390,dpi
390,layer 4 to 7 protocol
390,application tuning for wan
391,metadata
391,sap monitoring
392,learning management system
393,mail systems
393,frontpage
393,academic services & learning
394,leasing
394,commercial & corporate lending
394,loans
394,domain consulting
394,wealth management
394,"securities, funds & derivatives"
394,treasury
394,forex management
394,investment banking
394,exchange/trading/clearing & settlement
395,sap bi/dw testing
396,sql server - lead dba
396,sql server - sr dba
397,netiq app manager
398,archicad
399,sagent
400,analytics
400,crm sales
400,crm master data
400,crm service
400,crm marketing
400,channel / user interface
400,crm industry solutions
400,crm on demand
400,base customization (crm)
400,crm on hana
401,proteus
402,social apis
403,erp integrations
403,production planning and control (ppc)
404,oracle aers
405,worksoft certify
406,campus solution
406,application messaging
406,peoplesoft testing
406,peoplecode
406,application engine
406,application designer
407,sourcing
407,ematrix
407,thermal
407,advanced planning   sno/pdp/dm/op/ps
407,"engineering, construction & operations"
407,cadds
407,do160e
407,do-160
407,varian sap
407,varian eco process
408,system integration testing
408,testing - manual
409,empower
409,sql* lims
409,limslink cds
410,power electronics
410,protection relays
411,wtt
411,coded ui
411,tfs
411,powershellwin api
411,sqlserver
411,ssis/ssrs/ssas
411,.net performance profiler
411,iis
411,pms
411,specflow
412,parasoft c++
413,packet gateways
413,decryption
413,encryption
414,sql server - sta
415,scm - consultant
415,scm - analyst
415,altiris
416,oracle warehouse builder
416,siperian
416,cognos tm1
416,business objects data integrator
416,bw
416,asg-zena scheduler
416,unica campaign
417,tcoe - practise consultant
418,first object xml reader
419,intergration
420,ata2100
421,epic editor
422,usability - tech architect
423,uni
424,highcharts
424,javascript - sd
424,javascript - tl
425,mathematical morphology
425,image analysis
425,color spaces
425,graphic life formats
425,color appearance modelling
425,color measurement
426,map
426,isystem ic3000
426,gmlan
426,node simulation/diagnostics
426,hmi
426,tcu
426,osek
426,telltale
426,gauges
426,chimes
427,change readiness assessment
427,change management planning
427,organisation design
427,communication
427,leadership and stakeholder management
427,job design
427,culture & behaviour management
427,training
428,gxs
428,axway
429,infotainment
429,efs
430,maximo technical
430,maximo functional
431,corporate governance
432,aero - do254 process
432,cots based sys integration
432,medical equipment validation - iec 60601
432,auto - iso26262 process
432,igbt/scr/thyristors/power mosfet circuit
433,tizen
434,parasoft soa test
435,ibm worklight & sap syclo
435,hybrid app development
435,phonegap
435,titanium appcelerator
436,automative
436,active safety
437,reliability allocation
437,reliability block diagram
437,relex - prediction
437,fault tree analysis(fta)
437,reliability prediction
437,reliability plan
437,bit analysis
437,cafta - fault tree analysis (fta)
437,warranty analysis
438,webmethods integration server
438,webmethods (software ag) bpm
438,webmethods trading networks
438,webmethods broker
439,topography and surface profiling
440,schedular
440,micrium os
440,pid/control algorithms/application
440,iso26262 (automotive functional safety)
440,windows(auto)
440,misra qac
440,lin
440,simulation
440,dspace/etas
440,control/blower/compressor/plant modeling
441,qcg - consultant
441,iso 9001
442,chill
442,cisco-igx
442,nortel passport
443,servicemix
443,mapreduce
444,crb - business process exception managem
444,crb - billing
444,crb - invoicing
444,crb - energy data management
444,sap waste and recycling
444,crb - customer service
444,crb - fica
445,soa - test manager
446,simantic it
447,varian agile
448,windowsphone
449,mobify
450,dc balancing techiques
450,hbridge topology
450,npc topology
450,compensator design
451,ir
451,renesas
452,service management
453,blaze advisor
454,manhattan wmos (open system)
454,mh wmos
455,c++ memory validator
456,hebrew
456,mid-range diversified
456,gtpp
456,ha
456,h.2xx
456,rpc
456,avi
457,fmd-91
457,arp 4761
457,mil-hdbk-217
458,make
458,artisan
458,lisp
458,sdn
458,rhapsody
459,demand and supply chain planning
460,sales order management
460,product & content sales
460,value added services
460,palm
460,enterprise asset management
460,fire & security products
461,metalogix - organizer
462,performance - principal consultant
462,intel avx
462,intel sse
463,enterprise learning management
464,alert site
465,remote desktop control
465,field support operations
465,self help
466,queuing models application
467,credit management
468,computer system validation (csv)
469,upstream - ofs
469,downstream - retail
470,apache kylin
470,weka
471,maximo
471,plant life cycle management
472,defense & security
473,mainframe-cobol
474,adahrs
475,soa - tester  junior
476,diameter
476,tls others
477,security  - test lead
478,blackhawk jtag
479,life-cycle data management
479,product data management
479,bart
480,testing - program manager
480,testing - senior delivery manager
480,opensta
480,testing - delivery manager
481,spectrum digital jtag
482,big insights
482,big sheets
483,sap grc
483,security - sap products
483,security - business solutions
483,user and identity management
483,security - other
483,audits/tools
483,security upgrade
483,sap role administration
483,security
483,sap user administration
484,opencl
484,azure hdinsight
484,scala build tool
484,mpi
484,cuda
484,mllib
484,spark-streaming
485,sdl trados
486,security architecture & implementation
486,security grc
486,security and authorization
486,technical architect
486,s/4 hana
487,plm foundation
487,enovia lca
487,teamcenter-enterprise
487,junior management
487,entry level
487,partner relationship management
487,inter company billing
488,microsoft identity management
488,ms crm
488,crystal reports
488,uniface
488,sr tech architect - ms
488,windows phone 7 development
489,microfocus- cobol - sr supp eng
489,mainframe - bs 2000 - sr supp eng
490,ipds
491,ipdr
492,east
493,dyno testing
494,procurement & logistics
494,eam
494,demantra
495,iata standards
496,capm
496,prince 2
497,oracle utilities - wam
498,erp ln technical
499,java opensystems - 1 -solns arch
499,java opensource - solns arch
499,tech architect - java opn src
499,app & int architect - java opn src
499,java integration - sd
500,opc
501,hp service guard
501,hp data protector
501,integrated command center - cc engineeri
501,hp infra tools
501,unicenter
502,bpc
502,sap bpc
503,sharepoint search
504,tax & revenue management
505,saberdm
506,web content management
507,hunk
507,social computing
508,portuguese
509,ams/floor planning
510,czech
511,rs485
511,rs232
511,rs422
511,can bus
512,alice
512,trs viewer
512,first doc
513,javascript - sr track lead
514,blockdata
515,aero engines
515,interiors
515,aero structures
515,composites
515,hydraulic system
515,harness
515,cabin systems
515,interiors/exteriors
515,floor care
516,open gl
516,ffmpeg
517,google search appliance
518,siff
518,klarf
519,compuware dynatrace
520,itiko lisa
521,hp tru64
522,travel & logistics services
523,plc
524,usmi it integration web developer
525,bare wafer
526,elastic path
527,sap epm
528,capex-opex
529,filipino
530,sitecatalyst
531,2g development
531,hsupa
531,hsdpa
532,wavelets
533,it grc
534,cmis
535,turbomachineries
536,sap solution manager
537,direct fb
538,jda - red prairie wms
539,temperature control pressure transducer
540,build-to-order
541,trade marks and ip
542,arinc629
542,ni teststand
543,ezchip
543,xelerated
543,cam programming
544,rational performance tester
545,erp consulting
546,support
547,iseries-synon - jd
548,c - sr. tech architect
549,apache lucene
550,usability - sr. tech architect
551,vb.net - senior track lead
551,asp.net mvc using vb.net - sr supp eng
552,senior business manager
553,hmi driver
553,scada - rtu
554,type moc
555,aerospace & defence
556,smart grid
557,zuken cadstar
558,arinc708
559,mac server
560,iseries - enterprise architect
560,iseries - ta
560,iseries - sa
561,higher education
561,web client-jr supp eng
562,mil 1553
562,motor controller unit (mcu)
562,adc
563,homogenous
563,unicode migration
563,heterogenous migration
563,sap certified technology associate
563,afaria
563,esoa
564,trade promotion management
565,employee interaction centre
566,rommon
566,aha guidelines
567,e157 module process tracking
568,tracepro
569,mac domains
569,dti
569,wideband
570,nx
571,financial aid
571,gradebook
571,campus self service
571,academic advertisement
571,student financials
571,student records
572,induction motor
572,stepper motor
572,dc motor
573,identity & access management
574,nuance
575,midrange - diversified - jr supp eng
576,halt/hass plan
576,environmental stress screening (ess)
577,genesys ivr
578,sql
578,application operations
578,iot run
578,peoplesoft
579,apriso
580,discrete events simulation
581,mobile - test lead
582,audio video products
582,boothroyd
582,cooking appliances
582,autodesk revit
582,food services
582,renewable
582,alias
583,data migration
583,migration - hana cloud platform
584,sourceanywhere
585,winforms using c# - jr supp eng
586,eb guide
587,operational profile development
588,sap test accelerator and optimizer
588,sap hr testing
589,employment contracts
589,knowledge partner
589,corporate information management
589,treasury accounting
589,contracts
589,sap hr
590,ose
590,dune
591,system integration / professional servic
592,varnish
593,emc captiva
593,alfresco
594,network support and implementation
594,nortel-voice
595,sap security
596,discrete manufacturing
597,hmi development
598,ca clarity
599,travelport
600,glowcode
601,hydraulic control system
602,gambit
602,cfx
603,revitas
603,biw tooling
603,plastics & rubber testing
604,arinc 664
604,ats-datalink
604,graphical flight planning
605,c++ - sr. tech architect
606,bmc control im
607,edat
608,financial data solutions
608,tax
608,financial planning
608,billing management/e bill
608,general ledger
608,payables
608,finacial supply chain management
608,project costing
608,sox
609,unstructured/text analytics
609,r
609,machine learning
610,testing - practise manager
611,do254
611,vlsi
611,dft
611,place & route
611,rtl simulation
611,high level synthesis
611,afdx ethernet
611,wifi
611,synopsis prime time
611,synopsys vcs
612,vm manager
612,oracle utilities - cc&b
613,cloverleaf (quovadx)
614,javascript - sr supp eng
615,maintainence extention
615,plugin algorithm
615,service program
615,change handler
616,esl modelling
617,pma
617,21 cfr part 11-records signatures hipaa
618,sas data integration
618,base sas
619,structured equations modelling
619,real world awareness
619,flow simulaiton
620,corba
621,markov analysis
622,dell boomi
622,apigee
623,scada
624,igbt
625,process consulting
625,business requirement analysis
625,business analyst
625,senior business analyst
625,core banking
625,pharma business consultancy
626,financial management
627,data historian
628,ui creative designer
628,user experience design
629,doc science
630,cxxunit
631,usability - stl
632,c - track lead
633,career and succession planning
633,benefits administration / ebenefits
634,winforms using vb.net  - sr supp eng
635,jda supply chain planning
635,jda - demand and supply planning
636,rldram
636,spi4.2
636,cam
636,dcbx
636,lbist
636,performance modeling
636,atpg
637,apache jena
638,bw-ip
638,bi on hana
638,sap bw skills
638,bi functional experience
638,bi training given
638,industry
638,bi on cloud
638,functional experience
638,sap sem/epm tools
638,businessobjects
639,fiberchannel
640,pharmaready suite
641,ippbx
642,blueprint pcb
643,plm
643,agile-plm
643,mobile application development platform
643,cache
644,documentum web publisher
645,urology
646,receivables
646,fixed assets
646,intercompany accounting
647,sys bios
647,dsp bios
647,aac
647,alsa
647,ecos
648,niosii
648,coreconnect
649,ibm sterling order management
649,sterling integrator
650,mobile - test manager
651,oracle - tester  senior
652,valor dfm
653,power electronic cooling system (pecs)
654,supply chain guru
655,sap bi
655,sap business objects
656,application portfolio optimization (apo)
657,sap bo
657,bods
658,cisp
659,cisa
660,dod compliance
661,chicago manual of style
662,seibel testing
663,bootloaders
663,buses
663,mips
664,chip
664,synopsys synplify
664,altera quartus
664,synopsis design compiler
664,cpld
665,detica aml
666,simulink
667,sap srm - technology
668,c++ - tech architect
669,oil & gas
670,ldap
670,web security protocols
670,network virtualization
670,deep packet inspections
670,network security protocols
671,windows hardware quality labs
671,adobe cm
672,pro/e
672,ion implantation
672,p/cvd
672,switch gear control
672,ul design
673,security - test manager
674,mat
674,installanywhere
674,apache subversion
674,hornetq
674,jmock
675,data warehouse - test manager
676,cyberlab
677,mac
678,oracle rmb - insurance
679,relex - fracas
679,fuel system
679,lru development-mechanical
680,igrafx
681,natural
681,adabas
682,micro focus test partner
682,compuware qa run
683,star cd
684,green it
685,entry level - graduate
686,ccmp(aes)
686,wpa2
687,qcg - principal consultant
688,oracle access manager
689,conformance testing
690,wpf/silverlight
691,ttp
692,webshere integration
693,elk stack
693,service automation platform
694,db2-400
694,iseries
695,control pages
696,neural networks
697,solace
698,soa - tester  senior
699,code inspector sap
700,costimator
700,food processors
701,femto
702,safety assurance cases
703,student admin
704,mainframe-tandem - sd
705,iseries-lansa - jd
705,iseries-lansa - sr supp eng
705,iseries-lansa - sd
706,ensemble
706,mumps
707,gaming
708,hyper-v
708,veritas
709,ooyala
710,c++ - jd
710,c - jd
710,unix - jd
710,others (non oracle / sql server) - jd
711,mixed signal
712,product builder
713,iec 60601-2-45-mammographic x-ray equip
714,mahout
715,dutch
716,mainframe - tandem - sr supp eng
717,ectdxpress
718,ibm director
719,xrip
720,hcm abap
721,octopus
721,visual source safe
721,sdl
721,k2
721,sdl tridion
722,engine anti ice nitrogengenerationsystem
722,low pressure system (lps)
723,ui design & dev -tech architect
724,scm - practise consultant
725,goldengate
725,oracle - lead dba
725,oracle - sr dba
725,oracle rac
726,iec 60601-2-39-peritonealdialysis equip
727,natural resources
727,chemicals
728,tax audit
729,exit management system
730,demand fulfillment & execution
730,inbound & outbound logistics
730,supply chain planning
730,supply chain planning & execution
731,ideal/datacom
732,rtsp
733,vs pro
734,asp.net mvc using vb.net - jr supp eng
735,javascript - track lead
736,medical aami tir45
737,mainframe - bs 2000 - jd
738,dataflux
738,inform
739,bios
739,labwindows
739,serial nvm
739,measurement studio
739,flex lm
739,ds1/ds3/hdlc driver
739,motorola
739,serdes
739,marvell
740,broadcom
740,qemu
741,downstream marketing & retailing
742,slickedit
743,uc4 scheduler
743,cisco tidal enterprise scheduler
743,informatica mdm
744,webcenter
745,ehcache
746,mining
747,ms kinect sdk
748,bobj
748,pmo - bw/bi experience
748,sap certified support associate
749,global trade services
750,ofsaa
751,clear2pay opf
751,misys bankfusion
751,java swing - jd
751,java web - jr supp eng
751,javascript - jd
752,ants profiler
752,resharper
753,maintenance management
754,co
755,wpf  using vb.net - jr supp eng
756,finance process consultant
757,project systems
758,cq dam
759,cards
759,payments
760,organizational change management
761,unica marketing operations
761,unica interact
761,adobe neolane
762,hp ucmdb
763,optical driver
764,diversified skills -sr technical manager
765,animation
766,ni switch executive
767,acars messaging
768,unix - sd
768,unix - stl
768,unix - senior track lead
769,erdas imagine
770,comverse kenan fx
771,downstream - marketing
771,downstream - refining
772,greenplum
773,wireless
774,blood glucose monitoring system
774,insulin pumps
774,iec 62304
775,business connect
776,cloudera search
776,cloudera impala
777,c++ - senior track lead
778,rf driver
779,mainframe-natural/adabas - sd
780,mil-std-1629a
780,mil-hdbk-470a
781,whck
782,vertical situation display system
783,profibus
784,robo
784,buffalo
784,veeam
785,patran
785,nastran
785,sysnoise
786,en 50128
787,alfresco framework
788,hungarian
789,vb.net - tl
790,clang
791,ssl
792,telmatics
793,microsoft vsts
793,fiddler
794,upstream - drilling
794,sap certified application professional
795,residual current monitoring
796,fire & safety
797,saxotech mediaware centre
798,google prediction api
798,pingar
799,paramter optimization
800,creative design- sr. tech architect
801,mainframe-pl1 - sd
801,linc 4gl
802,c++ - solution architect
803,weibull
804,flexray
804,seatbelt
804,airbag algorithms
805,xloader
806,rf filters
806,rf amplifiers
806,rf/uwave pcb design practices
806,low power rf
806,ads
806,low power antenna
806,ansoft
807,windows mobile
808,kibana
809,l2tp/ppp
810,technical integration
810,sap-pi
810,migration - technical integration
810,xml spy
810,thai
811,factory talk
812,partition analysis
812,test matrix manager
813,objective c
813,ios sdk
813,appcelerator titanium
813,swift sdk
814,mil-std-338b
815,amdocs crm clarify
815,database architect
815,visual basic for applications (vba)
815,sql server - jd
815,sql server - jr dba
816,supply network collaboration
816,company laws
817,planview
817,diversified - sr track lead
818,trade & supply chain finance
819,enterprise analyzer
820,hyperlynx
820,webworks publisher
821,skill plan pro
822,diversified skills - sr tech lead
823,medical writing
824,sencha touch
824,worklight
825,jboss portal
826,root management
827,systemc
828,charles river
829,nephrology
830,java micro edition
830,oma drm
830,micosoft playready
830,framebuffer
830,netconf
830,restapi
830,sha
830,rsa
830,aes
831,fibrenode
832,recruiting and admissions
833,automation - test manager
833,automation - practise consultant
833,tcoe - senior consultant
834,ceridian
835,symfony
836,poi
836,route
837,siebel eclinical ctms
838,manufacturing models
838,aero engines components
839,op5 monitor
840,ge proficy
841,midstream - gathering & transportation
841,midstream - natural gas processing
842,c - tl
843,sdms (scientific data management system)
844,personas
845,photon
845,mccabe
846,gts
846,store management
846,deal structuring
847,oracle sites (fatwire)
848,acd lab
849,aers
850,highdefinition audio/video-dspalgorithms
851,networking equipment
851,telecom equipment
852,apriso flexnet
853,common cause analysis
854,hdd
855,yocto
855,battery control driver
856,fuel injectionemissiontorquecontrol algo
857,pure coverage
857,ibm rational purify plus
857,fieldbus
858,ivd
859,sdtm (study data tabulation model)
859,sdtm
859,epds (external partner data systems)
860,asp.net mvc using vb.net - jd
861,event tree analysis
861,numeric control systems
862,mqx
863,ibm appscan
864,windriver toolchain
864,xen
865,supply chain strategy
866,lateral steering
867,ipad application development
867,blackberry application development
868,hcl peak product automation framework
869,functional safety - iec61508
869,system architecture and partioning
869,design for maintainablity/servicablity
870,m&a
871,ocunit
872,central designer
873,web x.0
874,tech architect - java opn sys - 2
875,arinc 629
875,arinc 739
876,sdl livecontent architect
877,web client-sr supp eng
878,network router
879,business objects/crystal reports
880,goldensource
880,goldern source
881,biztalk edi
882,cavium
882,pci e
883,web client - jd
884,mainframe- diversified - sd
885,neon
886,sigtran
887,creative  design - sd
888,polish
889,emc document sciences xpression
890,integrated supply chain planning
891,japenese
892,hp digital marketing hub - autonomy
893,subversion
894,system verilog
895,ibm business monitor
896,ovm/vum
897,mcirostation
898,australia payroll
899,moq
900,embc
901,winforms using vb.net - jr supp eng
902,flexplm
903,hr value transformation
904,customer experience
905,adams
906,content/search/text analytics
907,c - stl
908,migration - application platform
909,programmable logic controller
910,jfreechart
911,labware lims
912,insight publisher
913,real time controller
914,grub
915,magma
916,vmware app director
917,questionnaire
918,albpm
919,open office
920,marketing analytics & product management
921,komodo-perl debugger
922,varian pdf form proc
923,logic analyser
923,backnet
923,adsp
924,redis
925,"supply, transmission & trading"
926,common software architecture
927,mathcad
927,structural mechanics
928,collaborative procurement
929,tibco spotfire
930,mspfet430uif
931,oracle - sta
932,ibm datastage
933,portal & usability
934,mil-std-810f -dod test method standard
935,oracle - test manager
935,siebel - test manager
936,freemarker template library (ftl)
937,afrikaans
938,srm
939,relex - fmea/fmeca
940,modeln
941,flemish
942,exadata server
943,gomez
944,thyristor
945,llamasoft supply chain guru
946,tcp/udp
946,l2+ - arp/rarp vlan 802.1q
947,open access manager
948,open es
949,vb.net - track lead
950,ixos - open text
951,supply base management
952,ca site minder
953,qcg - senior consultant
954,tresos studio
955,remote power distribution system (rpds)
956,application support functions
957,other tools
958,mediator
958,owsm
958,oracle bpel
959,qualcom
960,apache drill
961,illustrator
961,corel designer
962,network life-cycle management
962,sales & service fulfillment
963,x-metal
963,adobe captivate
964,mainframe - soln architect
965,spyglass
965,formality
965,synopsis formality
966,jprobe
966,jprofile
967,ultraseek
968,"secs/gem (e4,e5,e30,e37)"
968,mocvd
969,tcpreplay
970,oil & gas equipments
971,shipping packaging design
972,install j
973,power system
974,prism
975,temperature control system (tcs)
976,googletest framework
977,jda - transporation management system
978,technical tester_ .net
979,variable speed drives
980,print control systems
981,hydraulics
982,flink streaming cep
983,peap
983,wep
983,tkip
984,ansa
985,adobe acrobat professional 9.3
986,umlet
987,iec 60601-1-2
987,iec 60601
987,iso 14971
988,cvt/transmission algorithms/awd/4wd
989,profitability & cost management
990,earth fault detection
991,adam
992,flowtherm
993,visual studio.net
994,cpu
995,chinese
996,winforms using c#  - sr supp eng
997,others - senior track lead
998,mp4
998,timesys linux
999,oracle ucm framework
1000,adobe pagemaker
1001,automation - principal consultant
1002,trace 32 debugger
1002,vector canoe
1002,stability control
1003,core developer using vb.net - jd
1004,sez/stpi/customs/regulation & licensing
1005,asset explorer
1005,enterprise test case manager
1005,windows test technologies
1006,mssql analysis services
1006,ssis
1007,smerfs - statistical modeling and estima
1008,rhadoop
1009,guidewire - claimcenter
1010,ataispec2200
1011,savvion
1012,rhozet carbon
1012,theplatform
1013,pbt
1014,cable
1015,wsf
1016,pbm
1017,lisa
1017,jconsole
1018,arinc 615
1019,mpegoip
1020,jda merchandise management system
1020,iseries - tm
1021,hitachi
1021,brocade
1021,vnx
1021,sun
1022,lonworks
1023,multi lab ide
1024,ibm data explorer
1024,ibm content analytics
1025,xcelsius
1026,techpub manuals
1027,opto mechanical
1028,webtmon
1028,tleaf
1028,tacton configurator
1029,profinet
1030,self service & e billing
1031,pharma business intelligence
1032,vax- cobol - sd
1033,data/technical architecture consulting
1034,asf
1035,plant modeling
1036,pci-x
1037,jda - master planning / esp
1038,mainframe-ideal/datacom - jr supp eng
1038,mainframe-ideal/datacom - sr supp eng
1039,accept 360
1040,service virtualization & test automation
1041,jive
1042,turbo
1043,software ag mft/proginet
1044,others (non oracle / sql server) - ta
1045,msc marc
1046,sql ce
1047,network administrator
1048,jdo
1049,squish
1050,jde
1051,mainframe - sta
1052,gis
1053,enterprise architecture consulting
1054,jrule
1055,student services
1056,share
1057,twiki
1058,devicenet
1059,aspen pims
1060,asic driver
1061,bus. process-professional services
1062,sap apo - technology
1062,apo
1062,snc (supply network collaboration)
1063,hsgw
1063,mag
1064,oracle eloqua
1065,vax-cobol
1066,ibm infosphere optim
1067,wcdma
1068,mainframe-natural/adabas - sr supp eng
1069,pc lint
1070,sapphire lims
1071,batch manufacturing
1072,environment mapping
1073,windchill projectlink
1074,fm
1075,blackduck protex
1076,stream serve
1077,agilent vee
1078,winforms using vb.net - sd
1079,django
1079,jython
1080,opentsdb
1081,nltk
1081,python scikit
1082,renewables grid code
1083,brio
1084,soot
1085,broadway
1086,iseries-synon  - sr supp eng
1087,enterprise management
1088,scom
1089,supply chain management
1090,c/al
1091,pci
1092,c - solution architect
1092,c - tech architect
1093,technical tester_ java
1094,app & int architect - java opn sys - 1
1095,epm fusion intelligence analytics
1096,network switch
1097,sun studio
1097,codestriker
1098,ifr
1099,fujitsu jtag
1100,google big query
1100,apache ranger
1100,apache tez
1101,c++ - jr supp eng
1102,google search
1103,browser plug-ins
1104,load ui
1105,q++
1105,modelling
1106,verifix
1107,apache titan
1107,visual state
1108,associate development consultant
1109,sap certified solution manager associate
1110,audio/video - dsp algorithms
1111,jda - sales and operations planning
1112,vehicular telematics
1113,lombardi
1113,bpm-other
1114,insurance
1115,documaker
1116,hydraulic
1117,macscan
1118,investor management
1119,c/side
1120,others - sr dba
1121,asi
1122,iec 60601-2-27-electrocardiographic
1123,ui design & dev - sr. tech architect
1124,cdms
1125,positioning
1126,application content networking
1127,zuken design gateway
1128,safertos
1129,sr tech architect - java opn src
1130,windows installer xml
1131,mobile
1132,etrack
1133,soa - test lead
1134,enterprise information management
1135,performance monitor
1136,sap certified technology
1136,change control management expert
1137,storm
1138,ibm portlet framework
1139,kapow katalyst
1140,etsi
1141,qcg - analyst
1142,workforce deployment
1143,ggsn
1143,edge
1143,apn
1144,elixir templates
1145,window sdk
1146,gps
1147,loaniq
1148,phpunit
1149,fuel inerting system (fis)
1150,associate project manager (asm)
1151,testpartner
1152,scheme
1153,iec 60601-2-4 -cardiac defibrillators
1154,csc-insurance
1155,adobe livecycle es
1156,hcm - success factors reporting
1156,hcm technical
1157,c++ - track lead
1158,symbian application development
1159,sun access manager
1159,sun identity management
1160,point of sale terminals
1161,rigid flex pcb
1162,powertrain
1163,most
1164,rtreports
1165,audio
1166,nios ii ide
1167,r shiny
1168,st link
1169,itko lisa
1170,oracle mdm
1171,tis eflow
1172,gold
1173,jda - intactix space and floor planning
1174,cdm
1175,node.js
1176,oracle taleo
1177,big data
1178,scanning devices
1179,synchrony gateway interchange
1180,sound fordge 9.0
1181,ms office integration (duet)
1182,jsr-168 portlet framework
1183,java  swing- jr supp eng
1184,erp ln functional
1185,asp.net using c# - jr supp eng
1186,unity 3d
1187,osisoft pi
1187,osi pi
1188,inter/intra company fund management
1189,professional services
1190,ecmascript (es) 6
1191,collaborative services
1192,sales and marketing
1192,sales & service
1193,ui design & dev - jd
1194,c - sd
1195,composite
1196,rtos thredx
1197,sem
1198,"jda i2 - dm, scp, fp, spp"
1198,mainframe - diversified - jr sup eng
1199,umbraco cms
1200,citrix xendesktop
1201,hp release control
1202,refueling system (rs)
1203,moodle
1204,planning and budgeting
1205,life 70
1206,hvlc design
1207,sage crm
1208,4gl
1209,string template
1210,hp cda
1211,pdl
1212,medidata rave
1213,others
1213,gts compliance management
1214,pm
1215,creative design - tl
1216,vax- cobol - jr supp eng
1217,photolithography
1218,pp
1219,sap certified technology professional
1220,code collaborator
1221,core developer using vb.net- jr supp eng
1222,cmvc
1223,ibm rational developer for power system
1224,batch
1225,mainframe
1226,openbench
1227,prolog
1228,noetix views
1229,gmock
1230,vax- cobol - sr supp eng
1231,bdd framework - cucumber
1232,videolan
1233,spdb viewer
1234,iec60601-2-52-safety&perform-medical bed
1235,timing  analysis
1236,mentor boardstation
1237,minix
1238,document management
1239,others - sr supp eng
1239,others (non oracle / sql server) - tl
1240,iec60601-2-49-patientmonitoringequipment
1241,platform integration
1242,sas appdev studio
1243,amd
1244,human resource
1245,microsoft dynamics
1246,rf channel (up/down streams)
1247,education and research
1248,crucible
1249,itsm tools
1250,pattern recognition
1251,azureml
1252,t24
1253,style cop
1254,amazon cloud search
1255,iar work bench
1256,bus. process-defense & security
1257,blazemeter
1258,appdynamics
1259,firefox
1260,winshuttle transaction
1261,odi
1262,financial modelling
1263,ista - packaging guidelines
1264,wi-max
1265,print/ copy image quality analysis
1266,doubleclick
1267,gamp
1268,project management - apm (ad)
1269,toc sw
1270,mpc3
1271,d
1272,purchasing governance
1273,communications
1274,ibm platform lsf
1275,manufacturing and execution
1276,clustering support
1276,engineering
1277,sap mii
1278,rtsp/rtp/rtcp
1279,msft - solns arch
1280,sr app & int architect - java opn sys -
1281,ipx
1282,.net memory validator
1283,overcurrent and overvoltage protection
1284,server/system administrator
1285,saas
1286,integration
1287,mainframe - ta
1288,asp.net mvc using c# - jr supp eng
1289,sterilization system
1290,peg
1291,hpbsm
1292,interpreters
1292,freebsd
1293,bo
1294,score cards / kpi details
1295,film thickness
1296,microsoft hyper-v
1297,siebel - tester  senior
1298,logstash
1298,ca noliosoft
1299,isis papyrus
1300,financial asset management
1301,ids
1302,e39 object services
1303,paper/media path design
1304,commodity xl
1305,c# - senior track lead
1306,others (non oracle / sql server) - sd
1307,calypso back office
1308,iseries-cobol - jd
1309,ppap (production part approval process)
1309,advanced product quality planning(apqp)
1310,dymola
1311,iseries - soln architect
1312,openmp
1313,narrowband
1314,public sector accounting
1315,3ds max
1316,hydraulic/abs/dis algorthims
1317,data warehouse - test lead
1318,altia
1318,leakdiag
1319,midrange - diversified - sd
1320,workday report writer
1321,hpux/sco
1322,alchemy catalyst
1323,teststand
1323,labwindows/cvi
1324,russian
1325,app & int architect - ms
1326,intel vtune
1327,collaborative care support
1328,greenhills multi
1329,autonomy idol
1330,gstreamer
1331,service automation
1332,ground handling equipment
1333,oracle dba
1334,tachyon/alluxio
1334,spring-xd
1335,refining & manufacturing
1336,hp bsm
1337,parser
1338,softune
1339,application verifier
1340,digital strategy - solution architect
1341,core developer using c# - jr supp eng
1342,leaflet
1343,asp.net using vb.net - jr supp eng
1344,consumer products
1345,openvms
1346,codec
1347,nav
1348,grc
1349,hevc
1349,dsp++ environment
1350,javascript - stl
1351,camstar
1352,util
1353,high performance computing
1354,internal control mgmnt
1355,iplc
1356,aspera / fasp
1357,oracle business events (be)
1358,integrated command center - cc eng
1358,appworx
1359,access/process control
1360,diversified skills - technical manager
1361,go
1362,wintegra
1363,others (non oracle / sql server) - sta
1364,turkish
1365,flash media server
1365,red5
1366,telecom - tl9000 process
1367,emc avamar
1368,social services & social security
1369,websphere commerce server
1369,commerce server
1370,versionone
1371,fast integration framework
1372,impact ctms
1373,iseries - track lead
1374,flux vector control
1375,linux/unix/aix - admin
1376,ufs
1377,bus. process-mill products
1378,vision/dsp frame works
1379,others (non oracle / sql server) - stl
1380,siebel - tester  junior
1381,sas base
1382,composite eii
1383,metro application development
1384,stdf
1385,sap business warehouse
1386,oracle - stl
1386,oracle - senior track lead
1387,manhattan iseries
1388,google glass
1389,networks
1390,wpf  using c#  - sr supp eng
1391,landing gear ground maintenance system
1392,canopen
1392,eb tresos
1393,ibm noci suite
1394,poky
1395,verocel
1396,bus. process-chemicals
1397,lvhc design
1398,innovate/research -sr solution architect
1399,asp.net using vb.net  - sr supp eng
1400,signiant
1401,duckcreek  - ratingcenter
1402,pmc
1403,iec 60601-2-7-safety-diagnostic x-ray
1404,j2me application development
1405,aspen suites
1406,sr database architect
1407,tibco portal builder
1408,reflector
1409,trillum
1410,logility supply chain solution
1411,fundtech gpp
1412,work asset management
1413,seebeyond-jcaps
1414,commitment control
1415,smart beds
1416,siebel e-script
1417,hv engineering
1418,manufacturing accounting
1419,xmetal
1420,plant modelling
1421,valuation models
1422,backbase
1423,upgrade - sap netweaver portal
1424,lte-a
1425,alip
1426,sybase unwired platform administration
1427,openmax
1428,rightangle
1429,ibm clearddts
1430,channel revenue management
1431,emergency landing system (els)
1432,macro (front or back) and wafer edge
1433,kony studio one
1433,kony
1434,acord standards
1435,crm mrm
1435,cloud for customer
1436,hadoop admin
1437,zuken cr5000
1438,xerographic proceses
1439,baton
1440,samplemanger lims
1441,sahi pro
1442,hp-test partner
1443,web ui (crm)
1444,peg+
1445,c++/cx
1445,gtest
1446,healthcare
1447,forte code management software
1448,umodel
1449,ariba spend management solution
1450,instruments
1451,assessment/testing partners
1452,hp ppm
1453,wpf  using c# - jr supp eng
1454,intersystems cache
1455,vis-vsa
1456,debug diag
1457,flash
1458,workstream
1459,ofdma
1460,reticle
1461,supply chain fulfillment
1462,scm - principal consultant
1463,duckcreek  - policycenter
1464,medical coders
1465,matrixone-10.x
1466,ocamel
1467,bluetooth
1468,java - sr track lead
1469,citrix
1470,sql server - track lead
1471,automatic motor adaption
1472,tech arch - ms
1473,usability - tl
1474,openflow
1475,fuel sensing / gauging system (fgs)
1476,adaptive
1477,nolio
1478,aerodynamics basics
1479,mobile device management
1480,jtest
1481,metalogix content matrix - public folder
1481,metalogix content matrix - fileshare
1482,antenna design
1483,iec 61508
1484,ca gen/ief/coolgen
1485,business object
1486,tdes
1487,knime
1488,os9000
1489,elasticsearch
1490,control laws (normal/direct)
1491,quote-to-cash
1492,bi consulting
1493,product life cycle management
1494,arp
1495,mil-217
1496,mock server
1497,flotherm
1498,workflow
1499,jda space & category management
1500,application administrator - sd
1501,rosettanet
1502,ieee1394
1503,advanced analytics
1504,oracle policy automation
1505,cabin
1506,agility
1507,mid-range tandem
1508,mobile web - sd
1508,web client - stl
1509,project management - apm (ae)
1510,poseidon
1511,transformational change
1512,tax accounting
1513,web client - technical architect
1514,bee
1515,impala
1515,vertica
1516,spss
1517,research faculty services
1518,actuators
1519,display devices
1520,scanworks
1521,korean
1522,teamsite
1523,product data manegement
1524,ca identity management
1525,creative design- stl
1526,sap screen personas
1527,others - track lead
1528,process explorer
1529,retail planning & execution
1530,epim
1531,sap abap
1532,brew
1533,dft tetra max
1534,oracle - test lead
1535,windward autotag
1536,devspec
1537,sap mdm
1538,sap certified associate
1539,reticle pattern placement
1540,bus. process-ind. machinery & components
1541,oracle identity management
1542,security - tester  junior
1543,adobe access
1544,interlaken
1545,infor warehouse management
1546,omnidocs/omniflow
1547,citrix netscaler
1548,nswc 06/le1
1548,telcordia sr332
1549,ibm tivoli netcool
1550,grid life cycle management
1551,sharepoint 2010
1552,business analyst - junior
1553,unix - track lead
1554,redundancy management system (rms)
1555,"environmnt, health & safety complnc mgmt"
1556,institutional development
1557,high power antenna
1558,optical testing
1559,mentor design capture
1560,upstream - e&p
1561,slat and flap control system
1562,tcoe - principal consultant
1563,professional document solution
1564,place and route
1565,iseries - grp tech mgr
1566,business manager
1567,haemodia/haemofiltration equipment
1568,avid
1569,mainframe-assembler  - sd
1570,template tool kit
1571,reliasoft - weibull ++7
1572,state machine formation
1573,docscience
1574,iec 60601-2-34-bloodpressure mon equip
1575,etl
1576,pads flow
1577,qeme
1578,ediscovery
1579,robot
1580,serbo-croat
1581,duckcreek  - billingcenter
1582,others - lead dba
1583,open text livelink
1584,extended warehouse management
1585,mainframe - diversified - jd
1586,tealeaf
1587,coherence
1588,vb.net - stl
1589,apache karaf
1590,jda - enterprise planning
1591,others - jr dba
1592,optical cd and shape
1593,ms-sqlite
1594,desktop sme
1595,vim-open text
1596,squid
1597,oracle identity analytics
1598,ba / qa - senior consultant
1599,oracle endeca information discovery
1600,arabic
1601,parasoft
1602,windows builder
1603,epas algorithms
1604,asp.net mvc using vb.net - sd
1605,google cloud platform
1606,proguard
1607,javascriptmvc - sd
1608,cloudera sentry
1609,eggplant
1610,creative design- tech architect
1611,hogan cams
1612,vault
1613,v9
1614,sap me
1615,unix/linux/aix - sa
1616,antenna
1617,"bus. process-eng, construction & ops"
1618,rigid pcb technology
1619,dlna
1620,pi/xi
1621,c++ - sr supp eng
1622,i5os
1623,lcov
1624,tririga
1625,sv os
1626,selendroid
1627,travel agents
1628,clipper
1629,global consolidations
1630,rinomock
1631,gmp
1632,jda - allocation
1633,creative  design - jd
1634,application decommissioning consulting
1635,nfc
1636,sap mobility platform
1637,tcoe - consultant
1638,rtc scm
1639,trac
1640,nessus tools
1641,windows process foundation
1641,jscript
1642,process control systems
1643,italian
1644,micrsoft project server (ms epm)
1645,soc/soh algorithms
1646,red dot cms
1647,hl7/dicom
1648,uefi
1649,smi-s
1650,itest
1651,comergent sterling
1652,ios wearable
1653,cradle
1654,marklogic
1655,wdsc
1656,efis
1657,esl
1658,empirica signal detection
1659,vector candela
1660,zuken cadstar pcb
1661,asia pacific
1662,alfresco wcm
1663,dcs
1664,ofdma imaging
1665,serena dimensions
1666,sub contracting
1667,ui design & dev -stl
1668,taf
1669,ip integration
1670,arcgis
1671,4g development
1672,db application platform
1673,rectify
1674,owb
1675,ams mask design
1676,thunderhead
1677,payroll management
1678,jamo solutions-m-eux
1679,pcad
1680,perfectomobile
1681,mainframe - bs 2000 - jr supp eng
1682,sabre
1683,winxp embedded
1684,smis
1685,test connect
1686,stagefright
1687,basel ii
1688,apriori cost management
1689,dealer management
1690,dayforce hcm
1691,oracle - ta
1692,balance sheet/capital management
1693,entry level - management trainees
1694,hd
1695,borland silk performer
1696,mashery
1697,smoke detector
1698,rumba
1699,supplier collaboration
1700,rigid flex pcb technology
1701,autodesk
1702,production orders
1703,security - tester  senior
1704,isdn
1705,ca layer 7
1706,sap bank analyzer
1707,hpsm
1708,adobe day cq
1709,pneumatic system
1710,iec 60601-1-6-deviceusabilityengineering
1711,quality manager
1712,unix testing
1713,seagate
1714,staf
1715,ibm decision server insights
1716,cerify / ceritalk
1717,windchill pdmlink
1718,e116 equipment performance tracking
1719,bcs
