Column1,long,lat,order,hole,piece,id,group
1,-85.07006728,31.98070336,1,FALSE,1,alabama,Alabama.1
144,-119.5291775,25.82114788,144,FALSE,1,alaska,Alaska.1
2239,-114.5206273,33.02770736,2239,FALSE,1,arizona,Arizona.1
2392,-94.46169128,34.19676536,2392,FALSE,1,arkansas,Arkansas.1
2729,-121.6652203,38.16928536,2729,FALSE,1,california,California.1
3007,-102.0444563,37.64147436,3007,FALSE,1,colorado,Colorado.1
3063,-73.53039226,41.52274537,3063,FALSE,1,connecticut,Connecticut.1
3103,-75.70707327,38.55759136,3103,FALSE,1,delaware,Delaware.1
3140,-77.00793027,38.96666736,3140,FALSE,1,district of columbia,District of Columbia.1
3152,-80.78566227,28.78519435,3152,FALSE,1,florida,Florida.1
3520,-85.13016528,31.77885336,3520,FALSE,1,georgia,Georgia.1
3869,-104.5170159,23.51704284,3869,FALSE,1,hawaii,Hawaii.1
3987,-117.0262953,43.67903137,3987,FALSE,1,idaho,Idaho.1
4355,-88.07159128,37.51103836,4355,FALSE,1,illinois,Illinois.1
4681,-86.34160628,38.17728836,4681,FALSE,1,indiana,Indiana.1
4945,-91.12013228,40.70544337,4945,FALSE,1,iowa,Iowa.1
5193,-95.07193128,37.00147836,5193,FALSE,1,kansas,Kansas.1
5317,-86.51066828,36.65507436,5317,FALSE,1,kentucky,Kentucky.1
5676,-93.70752428,30.23957836,5676,FALSE,1,louisiana,Louisiana.1
6231,-69.77727626,44.07414837,6231,FALSE,1,maine,Maine.1
6383,-75.71071227,38.64966536,6383,FALSE,1,maryland,Maryland.1
6651,-71.31932826,41.77219537,6651,FALSE,1,massachusetts,Massachusetts.1
6768,-86.83482928,41.76550437,6768,FALSE,1,michigan,Michigan.1
7097,-91.73036628,43.49957137,7097,FALSE,1,minnesota,Minnesota.1
7403,-88.45080328,31.43561736,7403,FALSE,1,mississippi,Mississippi.1
7825,-89.10503428,36.95392236,7825,FALSE,1,missouri,Missouri.1
8161,-111.4754253,44.70216237,8161,FALSE,1,montana,Montana.1
8458,-101.4073933,40.00100336,8458,FALSE,1,nebraska,Nebraska.1
8654,-119.1524503,38.41180136,8654,FALSE,1,nevada,Nevada.1
8738,-72.27991726,42.72046737,8738,FALSE,1,new hampshire,New Hampshire.1
8861,-75.48928027,39.71485836,8861,FALSE,1,new jersey,New Jersey.1
8987,-109.0494953,32.44204436,8987,FALSE,1,new mexico,New Mexico.1
9045,-79.76323527,42.26732737,9045,FALSE,1,new york,New York.1
9257,-83.98845427,34.98915136,9257,FALSE,1,north carolina,North Carolina.1
9556,-98.73043729,45.93827137,9556,FALSE,1,north dakota,North Dakota.1
9716,-83.27275527,38.60925736,9716,FALSE,1,ohio,Ohio.1
9929,-94.43932228,34.92915136,9929,FALSE,1,oklahoma,Oklahoma.1
10245,-121.4415093,41.99433437,10245,FALSE,1,oregon,Oregon.1
10444,-77.47579327,39.71962336,10444,FALSE,1,pennsylvania,Pennsylvania.1
10598,-71.79019426,41.60130737,10598,FALSE,1,rhode island,Rhode Island.1
10639,-81.75959327,33.19538136,10639,FALSE,1,south carolina,South Carolina.1
10887,-102.7883843,42.99530337,10887,FALSE,1,south dakota,South Dakota.1
11032,-83.95460827,35.45554436,11032,FALSE,1,tennessee,Tennessee.1
11282,-105.9988863,31.39394036,11282,FALSE,1,texas,Texas.1
12129,-114.0472733,38.13765236,12129,FALSE,1,utah,Utah.1
12170,-73.25806026,42.74605837,12170,FALSE,1,vermont,Vermont.1
12300,-79.14406327,36.54619836,12300,FALSE,1,virginia,Virginia.1
12706,-122.4020153,48.22521637,12706,FALSE,1,washington,Washington.1
12982,-79.23166327,38.48049636,12982,FALSE,1,west virginia,West Virginia.1
13379,-87.74855528,44.96161637,13379,FALSE,1,wisconsin,Wisconsin.1
13647,-104.0536153,41.69821837,13647,FALSE,1,wyoming,Wyoming.1
