Titile,path
ActionScript, Back-end Technologies 
Active Directory, Software Architecture 
Ada, Back-end Technologies 
ADO.NET, Back-end  C# (.NET) 
Adobe Illustrator, Web Design 
Agile, Development Methodologies
AIX, Software Infrastructure (DevOps) 
AJAX, Front end Technologies  
Algorithms, General Terms 
Android, Mobile development
Android NDK, Mobile development >>>> Android 
Android SDK, Mobile development >>>> Android 
Ansible, Software Infrastructure (DevOps) 
Apache, Software Infrastructure (DevOps) 
Apache Ant, Back-end  Java 
Apache Spark, Tools 
Apex, Tools 
Appdynamics, Tools
ArcGIS, General Terms 
ASP.NET, Back-end  C# (.NET)
ASP.NET MVC, Back-end  C# (.NET) 
Automation Testing, Quality Assurance (QA)
AXURE, Web Design
Azure, Cloud Computing
Balsamiq, Web Design
BI, General Terms
Big Data, General Terms
BIRT, Tools
Bugzilla, Tools
CAD, General Terms
CAM, General Terms 
Cassandra, Databases
CentOS, Software Infrastructure (DevOps)
Chef, Software Infrastructure (DevOps) 
Citrix, Front end Technologies  
Clang, Back-end  C++ 
ClearCase, Tools 
Cloud computing, Fundamental Programming Concepts 
Confluence, Tools 
Cordova, Mobile development >>>> Cross-Platform (Hybrid)
CPU, Software Infrastructure (DevOps)
CRM, General Terms
Crucible, Tools
Crystal Reports, Tools
CSS, Front end Technologies 
Customer Experience, General Terms 
CVS, Tools 
D3.js, Front end Technologies  
Data migration, Fundamental Programming Concepts
DB2, Databases 
Deployment, Software Infrastructure (DevOps) 
DevOps, Software Infrastructure (DevOps)
DHCP, Software Infrastructure (DevOps) 
Django, Back-end  Python 
DNS, Software Infrastructure (DevOps) 
Docker, Software Infrastructure (DevOps) 
Dojo, Front end Technologies  
Drupal, Back-end  PHP 
Eclipse, Tools 
EJB, Back-end  Java 
Elastic Search, Tools 
Embedded, Embedded
Embedded Linux, Embedded
ERP, General Terms 
ESB, Software Architecture 
Fiddler, Software Architecture 
Firewall, Software Infrastructure (DevOps)
FreeBSD, Software Infrastructure (DevOps)
FTP, Software Infrastructure (DevOps) 
Functional testing, Quality Assurance (QA)
Git, Tools 
GNU, Software Infrastructure (DevOps)
Go, Back-end  Other Programming Languages 
Groovy, Back-end >>>>  Java 
GWT, Back-end >>>>  Java 
Hadoop, Tools 
HBase, Databases 
HDFS, Tools
Hibernate, Back-end >>>>  Java 
HP Performance Center, Quality Assurance (QA) 
HTML, Front end Technologies  
HTTP, Software Infrastructure (DevOps) 
https, Software Infrastructure (DevOps) 
Hudson, Tools
Hybris, Back-end  Java 
Hyper-V, Front end Technologies  
IIS, Software Infrastructure (DevOps)
iOS, Mobile development >>>> Ios
IPsec, Software Infrastructure (DevOps)
ITIL, Front end Technologies  
Java, Back-end Technologies
JBoss, Back-end  Java 
jBPM, Back-end  Java 
JConsole, Software Infrastructure (DevOps) 
JDBC, Back-end  Java 
Jenkins, Tools
Jersey, Back-end  Java 
Jira, Tools 
JMeter, Quality Assurance (QA)
JMS, Back-end  Java 
JMX, Back-end  Java 
Joomla, Back-end  PHP
JPA, Back-end  Java 
jQuery, Front end Technologies  
jQuery Mobile, Mobile development >>>> Cross-Platform (Hybrid) 
JSON, Front end Technologies  
JSP, Back-end  Java 
Jtest, Quality Assurance (QA) 
JUnit, Back-end  Java
Kibana, Tools 
KVM, Software Infrastructure (DevOps) 
LDAP, Software Infrastructure (DevOps) 
Linux, Software Infrastructure (DevOps) 
Linux kernel, Software Infrastructure (DevOps) 
LoadRunner, Quality Assurance (QA) 
Logstash, Tools 
Lua, Back-end  
Machine Learning, General Terms 
Mainframe, General Terms
MapReduce, Tools 
MATLAB, Back-end  
Maven, Back-end  Java 
MFC, Back-end  C++ 
MongoDB, Databases
MySQL, Databases
NetBeans, Tools 
NFS, Software Infrastructure (DevOps)
NoSQL, Databases 
NUnit, Back-end  C# (.NET)
Octopus, Back-end  C# (.NET)
Open Source, General Terms 
Oracle, Databases
OSGi, Back-end  Java 
Perforce, Tools 
Performance Testing, Quality Assurance (QA) 
Perl, Back-end  
PhoneGap, Mobile development >>>> Cross-Platform (Hybrid) 
PHP, Back-end Technologies
PHPUnit, Quality Assurance (QA) 
PL/SQL, Databases
PLM, General Terms
Puppet, Software Infrastructure (DevOps) 
Python, Back-end Technologies
QC, Quality Assurance (QA) 
Qt, Back-end  C++ 
QTP, Quality Assurance (QA) 
RabbitMQ, Tools 
Redis, Databases 
Redux, Back-end  Java script 
Regression testing, Quality Assurance (QA) 
REST, Software Architecture 
Robotium, Mobile development >>>> Android 
RPG, Back-end Technologies
Ruby, Back-end Technologies
SaaS, Cloud Computing
SAML, Front end Technologies  
SAP, General Terms 
SAS, Tools 
Scala, Back-end Technologies
Scrum, Development Methodologies
Security testing, Quality Assurance (QA) 
Selenium, Quality Assurance (QA)
Servlets, Back-end  Java 
SFDC, General Terms 
SharePoint, Tools 
Shell, Software Infrastructure (DevOps) 
SIP, Software Infrastructure (DevOps) 
Smarty, Back-end  PHP 
SMTP, Software Infrastructure (DevOps) 
SOAP, Software Architecture
SoapUI, Quality Assurance (QA) 
Solaris, Software Infrastructure (DevOps) 
Solr, Databases 
Solution Architect,Roles in Software Development 
Splunk, Tools 
Spring, Back-end  Java 
Spring MVC, Back-end  Java 
SQL, Databases 
SQL Server, Databases 
SSIS, Software Infrastructure (DevOps) 
SSL, Software Infrastructure (DevOps) 
STL, Back-end  C++ 
Storm, Tools
Struts, Back-end  Java 
SVG, Web Design 
SVN, Tools 
Swing, Back-end  Java 
TCP, Software Infrastructure (DevOps) 
TCP/IP, Software Infrastructure (DevOps) 
TeamCity, Tools
Teradata, Databases 
Toad, Databases 
Tomcat, Back-end  Java 
Ubuntu, Software Infrastructure (DevOps) 
UDP, Software Infrastructure (DevOps) 
UI, Web Design 
UML, Software Architecture 
Unit testing, Quality Assurance (QA)
UNIX, Software Infrastructure (DevOps)
Vagrant, Tools 
VB.Net, Back-end  C# (.NET)
VBScript, Back-end  Other Programming Languages 
Virtualization, Software Infrastructure (DevOps)
Visual Studio, Back-end  C++ 
VMware, Front end Technologies  
VoIP, General Terms 
VPN, Software Infrastructure (DevOps) 
WCF, Back-end  C# (.NET) 
Web server, Software Infrastructure (DevOps) 
Web services, Software Architecture
WebLogic, Back-end  Java 
WinCE, Embedded
WinForms, Front end Technologies  
Wireless networking, Tools 
Wireshark, Tools 
WordPress, Back-end  PHP 
WPF, Back-end  C# (.NET) 
XAML, Software Architecture 
Xcode, Mobile development >>>> Ios 
Xen, Software Infrastructure (DevOps) 
XML, Software Architecture 
XSLT, Software Architecture 
Yarn, Software Infrastructure (DevOps) 
Zend Framework, Back-end  PHP 
C++, Back-end Technologies
C#, Back-end  C# (.NET)
